,Model,Brand,Price_in_Pounds,Acceleration 0 - 100 km/h,Top Speed,Electric Range *,Total Power *,Total Torque *,Drive,Nominal Capacity,Battery Type,Number of Cells,Architecture,Useable Capacity*,Cathode Material,Pack Configuration,Nominal Voltage,Range *,Vehicle Consumption *,CO2 Emissions,Vehicle Fuel Equivalent *,Range,Rated Consumption,Vehicle Consumption,Rated Fuel Equivalent,Vehicle Fuel Equivalent,City - Cold Weather *,Highway - Cold Weather *,Combined - Cold Weather *,City - Mild Weather *,Highway - Mild Weather *,Combined - Mild Weather *,"Nominal Capacity							*",Electric Range,Total Power,Total Torque,City - Cold Weather,Highway - Cold Weather,Combined - Cold Weather,City - Mild Weather,Highway - Mild Weather,Combined - Mild Weather,Useable Capacity,Rated Consumption *,Rated Fuel Equivalent *,Acceleration 0 - 100 km/h *,Top Speed *
0,Tesla Model Y Long Range Dual Motor,Tesla,"52,990",5.0 sec,217 km/h,435 km,378 kW (514 PS),493 Nm,AWD,78.1 kWh,Lithium-ion,4416,400 V,75.0 kWh,NCM,96s46p,357 V,435 km,172 Wh/km,0 g/km,1.9 l/100km,533 km,No Data,141 Wh/km,No Data,1.6 l/100km,179 Wh/km,238 Wh/km,205 Wh/km,118 Wh/km,185 Wh/km,149 Wh/km,,,,,,,,,,,,,,,
1,Tesla Model 3,Tesla,"42,990",6.1 sec,225 km/h,405 km,208 kW (283 PS),420 Nm,Rear,,Lithium-ion,106,400 V,57.5 kWh,LFP,106s1p,340 V,405 km,142 Wh/km,0 g/km,1.6 l/100km,491 km,No Data,117 Wh/km,No Data,1.3 l/100km,153 Wh/km,198 Wh/km,172 Wh/km,97 Wh/km,149 Wh/km,121 Wh/km,60.0 kWh,,,,,,,,,,,,,,
2,Tesla Model 3 Long Range Dual Motor,Tesla,"50,990",4.4 sec,233 km/h,,,,AWD,78.1 kWh,Lithium-ion,4416,400 V,75.0 kWh,NCM,96s46p,357 V,,,0 g/km,,602 km,148 Wh/km,125 Wh/km,1.7 l/100km,1.4 l/100km,,,,,,,,485 km,366 kW (498 PS),493 Nm,165 Wh/km,214 Wh/km,188 Wh/km,107 Wh/km,163 Wh/km,134 Wh/km,,,,,
3,Tesla Model Y,Tesla,"44,990",6.9 sec,217 km/h,345 km,220 kW (299 PS),420 Nm,Rear,,Lithium-ion,106,400 V,57.5 kWh,LFP,106s1p,340 V,345 km,167 Wh/km,0 g/km,1.9 l/100km,430 km,No Data,134 Wh/km,No Data,1.5 l/100km,174 Wh/km,235 Wh/km,198 Wh/km,115 Wh/km,180 Wh/km,146 Wh/km,60.0 kWh,,,,,,,,,,,,,,
4,Toyota bZ4X FWD,Toyota,"45,710",7.5 sec,160 km/h,340 km,,,Front,71.4 kWh,Lithium-ion,96,400 V,,No Data,96s1p,355 V,340 km,188 Wh/km,0 g/km,2.1 l/100km,442 km,167 Wh/km,145 Wh/km,1.9 l/100km,1.6 l/100km,191 Wh/km,267 Wh/km,225 Wh/km,129 Wh/km,210 Wh/km,166 Wh/km,,,150 kW (204 PS),265 Nm,,,,,,,64.0 kWh,,,,
0,Lexus RZ 450e,Lexus,"64,500",5.6 sec,160 km/h,310 km,,,AWD,71.4 kWh,Lithium-ion,96,400 V,,No Data,96s1p,355 V,310 km,206 Wh/km,0 g/km,2.3 l/100km,,,,,,206 Wh/km,284 Wh/km,242 Wh/km,142 Wh/km,225 Wh/km,180 Wh/km,,,230 kW (313 PS),435 Nm,,,,,,,64.0 kWh,,,,
1,BYD ATTO 3,BYD,"36,490",7.3 sec,160 km/h,320 km,,,Front,60.5 kWh,Lithium-ion,126,400 V,60.0 kWh,LFP,126s1p,403 V,320 km,188 Wh/km,0 g/km,2.1 l/100km,420 km,156 Wh/km,143 Wh/km,1.8 l/100km,1.6 l/100km,185 Wh/km,261 Wh/km,218 Wh/km,125 Wh/km,207 Wh/km,162 Wh/km,,,150 kW (204 PS),310 Nm,,,,,,,,,,,
2,MG MG4 Electric 64 kWh,MG,"29,495",7.9 sec,160 km/h,370 km,,,Rear,64.0 kWh,Lithium-ion,104,400 V,,NCM,104s1p,No Data,370 km,167 Wh/km,0 g/km,1.9 l/100km,435 km,166 Wh/km,142 Wh/km,1.9 l/100km,1.6 l/100km,171 Wh/km,237 Wh/km,199 Wh/km,113 Wh/km,181 Wh/km,145 Wh/km,,,150 kW (204 PS),250 Nm,,,,,,,61.7 kWh,,,,
3,Tesla Model Y Performance,Tesla,"59,990",3.7 sec,250 km/h,415 km,393 kW (534 PS),660 Nm,AWD,78.1 kWh,Lithium-ion,4416,400 V,75.0 kWh,NCM,96s46p,357 V,415 km,181 Wh/km,0 g/km,2.0 l/100km,514 km,171 Wh/km,146 Wh/km,1.9 l/100km,1.6 l/100km,185 Wh/km,250 Wh/km,214 Wh/km,124 Wh/km,195 Wh/km,156 Wh/km,,,,,,,,,,,,,,,
4,Tesla Model S Plaid,Tesla,"115,000",2.1 sec,282 km/h,,,,AWD,,Lithium-ion,7920,400 V,95.0 kWh,NCA,110s72p,407 V,,,0 g/km,,600 km,187 Wh/km,158 Wh/km,2.1 l/100km,1.8 l/100km,,,,,,,100.0 kWh,560 km,760 kW (1033 PS),No Data,181 Wh/km,232 Wh/km,202 Wh/km,120 Wh/km,178 Wh/km,147 Wh/km,,,,,
5,BMW iX1 xDrive30,BMW,"52,255",5.6 sec,180 km/h,,,,AWD,68.0 kWh,Lithium-ion,No Data,400 V,,No Data,No Data,No Data,,,0 g/km,,417 km,181 Wh/km,155 Wh/km,2.0 l/100km,1.7 l/100km,,,,,,,,370 km,230 kW (313 PS),494 Nm,180 Wh/km,244 Wh/km,209 Wh/km,120 Wh/km,190 Wh/km,152 Wh/km,64.7 kWh,,,,
6,BMW i4 eDrive40,BMW,"57,890",5.7 sec,190 km/h,470 km,,,Rear,83.9 kWh,Lithium-ion,No Data,400 V,,No Data,No Data,399 V,589 km,137 Wh/km,0 g/km,1.5 l/100km,493 km,191 Wh/km,164 Wh/km,2.1 l/100km,1.8 l/100km,181 Wh/km,237 Wh/km,207 Wh/km,120 Wh/km,183 Wh/km,149 Wh/km,,,250 kW (340 PS),430 Nm,,,,,,,80.7 kWh,161 Wh/km,1.8 l/100km,,
7,BMW iX xDrive40,BMW,"69,905",6.1 sec,200 km/h,,,,AWD,76.6 kWh,Lithium-ion,No Data,400 V,,No Data,No Data,330 V,,,0 g/km,,372 km,225 Wh/km,191 Wh/km,2.5 l/100km,2.1 l/100km,,,,,,,,360 km,240 kW (326 PS),630 Nm,203 Wh/km,273 Wh/km,233 Wh/km,138 Wh/km,215 Wh/km,175 Wh/km,71.0 kWh,,,,
8,Kia Niro EV,Kia,"36,795",7.8 sec,167 km/h,380 km,,,Front,,Lithium-ion,294,400 V,,No Data,98s3p,358 V,380 km,171 Wh/km,0 g/km,1.9 l/100km,463 km,164 Wh/km,140 Wh/km,1.8 l/100km,1.6 l/100km,173 Wh/km,240 Wh/km,203 Wh/km,115 Wh/km,188 Wh/km,149 Wh/km,68.0 kWh,,150 kW (204 PS),255 Nm,,,,,,,64.8 kWh,,,,
9,BYD HAN,BYD,,3.9 sec,180 km/h,465 km,,,AWD,85.4 kWh,Lithium-ion,178,800 V,83.0 kWh,LFP,178s1p,569 V,465 km,178 Wh/km,0 g/km,2.0 l/100km,521 km,185 Wh/km,159 Wh/km,2.1 l/100km,1.8 l/100km,189 Wh/km,248 Wh/km,213 Wh/km,126 Wh/km,191 Wh/km,157 Wh/km,,,380 kW (517 PS),700 Nm,,,,,,,,,,,
10,Mercedes EQS 450+,Mercedes,"105,610",6.2 sec,210 km/h,640 km,,,Rear,,Lithium-ion,432,400 V,,NCM811,108s4p,396 V,640 km,168 Wh/km,0 g/km,1.9 l/100km,631 km,198 Wh/km,171 Wh/km,2.2 l/100km,1.9 l/100km,181 Wh/km,229 Wh/km,201 Wh/km,120 Wh/km,175 Wh/km,146 Wh/km,120.0 kWh,,245 kW (333 PS),568 Nm,,,,,,,107.8 kWh,,,,
11,Mercedes EQE 350+,Mercedes,"76,450",6.4 sec,210 km/h,525 km,,,Rear,,Lithium-ion,360,400 V,,NCM811,90s4p,328 V,525 km,173 Wh/km,0 g/km,1.9 l/100km,545 km,193 Wh/km,166 Wh/km,2.2 l/100km,1.9 l/100km,183 Wh/km,238 Wh/km,206 Wh/km,122 Wh/km,183 Wh/km,150 Wh/km,100.0 kWh,,215 kW (292 PS),565 Nm,,,,,,,90.6 kWh,,,,
12,Tesla Model S Dual Motor,Tesla,"96,000",3.2 sec,250 km/h,,,,AWD,,Lithium-ion,7920,400 V,95.0 kWh,NCA,110s72p,407 V,,,0 g/km,,634 km,No Data,150 Wh/km,No Data,1.7 l/100km,,,,,,,100.0 kWh,575 km,504 kW (685 PS),No Data,176 Wh/km,226 Wh/km,198 Wh/km,116 Wh/km,173 Wh/km,143 Wh/km,,,,,
13,Skoda Enyaq iV 80,Skoda,"42,925",8.6 sec,160 km/h,420 km,,,Rear,82.0 kWh,Lithium-ion,288,400 V,,NCM712,96s3p,350 V,420 km,183 Wh/km,0 g/km,2.1 l/100km,510 km,No Data,151 Wh/km,No Data,1.7 l/100km,186 Wh/km,257 Wh/km,217 Wh/km,125 Wh/km,200 Wh/km,160 Wh/km,,,150 kW (204 PS),310 Nm,,,,,,,77.0 kWh,,,,
14,Tesla Model 3 Performance,Tesla,"57,990",3.3 sec,261 km/h,,393 kW (534 PS),660 Nm,AWD,78.1 kWh,Lithium-ion,4416,400 V,75.0 kWh,NCM,96s46p,357 V,,,0 g/km,,547 km,165 Wh/km,137 Wh/km,1.9 l/100km,1.5 l/100km,,,,,,,,460 km,,,170 Wh/km,227 Wh/km,195 Wh/km,113 Wh/km,174 Wh/km,142 Wh/km,,,,,
0,Audi Q8 e-tron 55 quattro,Audi,"77,800",5.6 sec,200 km/h,,,,AWD,114.0 kWh,Lithium-ion,432,400 V,,NCA,108s4p,397 V,,,0 g/km,,481 km,244 Wh/km,220 Wh/km,2.7 l/100km,2.5 l/100km,,,,,,,,495 km,300 kW (408 PS),664 Nm,216 Wh/km,294 Wh/km,249 Wh/km,150 Wh/km,233 Wh/km,189 Wh/km,106.0 kWh,,,,
1,BMW i7 xDrive60,BMW,"110,545",4.7 sec,240 km/h,510 km,,,AWD,105.7 kWh,Lithium-ion,No Data,400 V,,No Data,No Data,376 V,510 km,199 Wh/km,0 g/km,2.2 l/100km,590 km,196 Wh/km,172 Wh/km,2.2 l/100km,1.9 l/100km,208 Wh/km,271 Wh/km,237 Wh/km,142 Wh/km,212 Wh/km,175 Wh/km,,,400 kW (544 PS),745 Nm,,,,,,,101.7 kWh,,,,
2,Hyundai IONIQ 5 Long Range 2WD,Hyundai,"46,650",7.3 sec,185 km/h,390 km,,,Rear,77.4 kWh,Lithium-ion,384,800 V,74.0 kWh,No Data,192s2p,697 V,390 km,190 Wh/km,0 g/km,2.1 l/100km,476 km,180 Wh/km,155 Wh/km,2.0 l/100km,1.7 l/100km,190 Wh/km,264 Wh/km,224 Wh/km,129 Wh/km,208 Wh/km,166 Wh/km,,,168 kW (228 PS),350 Nm,,,,,,,,,,,
3,Kia EV6 GT,Kia,"62,645",3.5 sec,260 km/h,370 km,,,AWD,77.4 kWh,Lithium-ion,384,800 V,74.0 kWh,No Data,192s2p,697 V,370 km,200 Wh/km,0 g/km,2.2 l/100km,424 km,206 Wh/km,175 Wh/km,2.3 l/100km,2.0 l/100km,203 Wh/km,279 Wh/km,235 Wh/km,138 Wh/km,221 Wh/km,176 Wh/km,,,430 kW (585 PS),740 Nm,,,,,,,,,,,
4,BYD TANG,BYD,,4.6 sec,180 km/h,350 km,,,AWD,86.4 kWh,Lithium-ion,200,800 V,84.0 kWh,LFP,200s1p,640 V,350 km,240 Wh/km,0 g/km,2.7 l/100km,400 km,238 Wh/km,210 Wh/km,2.7 l/100km,2.4 l/100km,233 Wh/km,336 Wh/km,280 Wh/km,166 Wh/km,271 Wh/km,215 Wh/km,,,380 kW (517 PS),680 Nm,,,,,,,,,,,
5,Hyundai Kona Electric 64 kWh,Hyundai,"37,750",7.9 sec,167 km/h,395 km,,,Front,,Lithium-ion,294,400 V,,No Data,98s3p,356 V,395 km,162 Wh/km,0 g/km,1.8 l/100km,484 km,147 Wh/km,132 Wh/km,1.7 l/100km,1.5 l/100km,164 Wh/km,229 Wh/km,191 Wh/km,108 Wh/km,175 Wh/km,139 Wh/km,67.5 kWh,,150 kW (204 PS),395 Nm,,,,,,,64.0 kWh,,,,
6,Hyundai IONIQ 6 Long Range AWD,Hyundai,"50,245",5.1 sec,185 km/h,440 km,,,AWD,77.4 kWh,Lithium-ion,384,800 V,74.0 kWh,No Data,192s2p,697 V,440 km,168 Wh/km,0 g/km,1.9 l/100km,519 km,169 Wh/km,143 Wh/km,1.9 l/100km,1.6 l/100km,176 Wh/km,231 Wh/km,200 Wh/km,117 Wh/km,178 Wh/km,145 Wh/km,,,239 kW (325 PS),605 Nm,,,,,,,,,,,
7,Dacia Spring Electric 45,Dacia,,19.1 sec,125 km/h,165 km,,,Front,26.8 kWh,Lithium-ion,72,400 V,25.0 kWh,No Data,72s1p,240 V,165 km,152 Wh/km,0 g/km,1.7 l/100km,230 km,139 Wh/km,109 Wh/km,1.6 l/100km,1.2 l/100km,152 Wh/km,227 Wh/km,185 Wh/km,98 Wh/km,172 Wh/km,132 Wh/km,,,33 kW (45 PS),125 Nm,,,,,,,,,,,
8,Mercedes EQC 400 4MATIC,Mercedes,"72,335",5.1 sec,180 km/h,,,,AWD,,Lithium-ion,384,400 V,,NCM622,96s4p,350 V,,,0 g/km,,411 km,223 Wh/km,195 Wh/km,2.5 l/100km,2.2 l/100km,,,,,,,85.0 kWh,370 km,300 kW (408 PS),760 Nm,216 Wh/km,296 Wh/km,254 Wh/km,151 Wh/km,235 Wh/km,190 Wh/km,80.0 kWh,,,,
9,Audi e-tron GT RS,Audi,"115,000",3.3 sec,250 km/h,405 km,,,AWD,93.4 kWh,Lithium-ion,396,800 V,,NCM622,198s2p,725 V,405 km,210 Wh/km,0 g/km,2.4 l/100km,433 km,225 Wh/km,196 Wh/km,2.5 l/100km,2.2 l/100km,215 Wh/km,288 Wh/km,246 Wh/km,150 Wh/km,227 Wh/km,185 Wh/km,,,475 kW (646 PS),830 Nm,,,,,,,85.0 kWh,,,,
10,BMW i4 eDrive35,BMW,"49,995",6.0 sec,190 km/h,400 km,,,Rear,70.2 kWh,Lithium-ion,No Data,400 V,,No Data,No Data,No Data,400 km,168 Wh/km,0 g/km,1.9 l/100km,406 km,187 Wh/km,165 Wh/km,2.1 l/100km,1.9 l/100km,176 Wh/km,231 Wh/km,200 Wh/km,117 Wh/km,179 Wh/km,146 Wh/km,,,210 kW (286 PS),400 Nm,,,,,,,67.0 kWh,,,,
11,Smart #1,Smart,"35,000",6.7 sec,180 km/h,330 km,,,Rear,66.0 kWh,Lithium-ion,No Data,400 V,,NCM,No Data,No Data,330 km,188 Wh/km,0 g/km,2.1 l/100km,420 km,174 Wh/km,148 Wh/km,2.0 l/100km,1.7 l/100km,188 Wh/km,264 Wh/km,221 Wh/km,127 Wh/km,207 Wh/km,163 Wh/km,,,200 kW (272 PS),343 Nm,,,,,,,62.0 kWh,,,,
12,Renault Megane E-Tech EV60 220hp,Renault,"36,995",7.4 sec,160 km/h,,,,Front,65.0 kWh,Lithium-ion,288,400 V,,NCM,96s3p,352 V,,,0 g/km,,429 km,No Data,140 Wh/km,No Data,1.6 l/100km,,,,,,,,380 km,160 kW (218 PS),300 Nm,162 Wh/km,222 Wh/km,188 Wh/km,105 Wh/km,171 Wh/km,136 Wh/km,60.0 kWh,,,,
13,BMW i4 M50,BMW,"71,085",3.9 sec,225 km/h,435 km,,,AWD,83.9 kWh,Lithium-ion,No Data,400 V,,No Data,No Data,399 V,520 km,155 Wh/km,0 g/km,1.7 l/100km,415 km,225 Wh/km,194 Wh/km,2.5 l/100km,2.2 l/100km,192 Wh/km,256 Wh/km,218 Wh/km,130 Wh/km,197 Wh/km,161 Wh/km,,,400 kW (544 PS),795 Nm,,,,,,,80.7 kWh,181 Wh/km,2.0 l/100km,,
14,Audi Q4 e-tron 40,Audi,"49,930",8.5 sec,160 km/h,405 km,,,Rear,82.0 kWh,Lithium-ion,288,400 V,,No Data,96s3p,No Data,405 km,189 Wh/km,0 g/km,2.1 l/100km,447 km,200 Wh/km,171 Wh/km,2.2 l/100km,1.9 l/100km,189 Wh/km,264 Wh/km,222 Wh/km,129 Wh/km,207 Wh/km,165 Wh/km,,,150 kW (204 PS),310 Nm,,,,,,,76.6 kWh,,,,
15,BMW iX xDrive50,BMW,"99,785",4.6 sec,200 km/h,505 km,,,AWD,111.5 kWh,Lithium-ion,No Data,400 V,,No Data,No Data,369 V,505 km,208 Wh/km,0 g/km,2.3 l/100km,549 km,230 Wh/km,192 Wh/km,2.6 l/100km,2.2 l/100km,210 Wh/km,288 Wh/km,245 Wh/km,146 Wh/km,226 Wh/km,183 Wh/km,,,385 kW (523 PS),765 Nm,,,,,,,105.2 kWh,,,,
16,BMW iX M60,BMW,"119,225",3.8 sec,250 km/h,485 km,,,AWD,111.5 kWh,Lithium-ion,No Data,400 V,,No Data,No Data,369 V,485 km,217 Wh/km,0 g/km,2.4 l/100km,499 km,247 Wh/km,211 Wh/km,2.8 l/100km,2.4 l/100km,219 Wh/km,301 Wh/km,257 Wh/km,154 Wh/km,236 Wh/km,193 Wh/km,,,455 kW (619 PS),1100 Nm,,,,,,,105.2 kWh,,,,
17,MG ZS EV Long Range,MG,"32,995",8.4 sec,175 km/h,,,,Front,72.6 kWh,Lithium-ion,No Data,400 V,,NCM,No Data,No Data,,,0 g/km,,440 km,178 Wh/km,155 Wh/km,2.0 l/100km,1.7 l/100km,,,,,,,,370 km,115 kW (156 PS),280 Nm,182 Wh/km,263 Wh/km,217 Wh/km,123 Wh/km,207 Wh/km,163 Wh/km,68.3 kWh,,,,
18,Volkswagen ID. Buzz Pro,Volkswagen,"57,115",10.2 sec,145 km/h,,,,Rear,82.0 kWh,Lithium-ion,288,400 V,,No Data,96s3p,350 V,,,0 g/km,,410 km,217 Wh/km,188 Wh/km,2.4 l/100km,2.1 l/100km,,,,,,,,340 km,150 kW (204 PS),310 Nm,220 Wh/km,314 Wh/km,261 Wh/km,154 Wh/km,252 Wh/km,200 Wh/km,77.0 kWh,,,,
19,Fiat 500e Hatchback 42 kWh,Fiat,"30,645",9.0 sec,150 km/h,,,,Front,42.0 kWh,Lithium-ion,192,400 V,,No Data,96s2p,355 V,,,0 g/km,,315 km,143 Wh/km,118 Wh/km,1.6 l/100km,1.3 l/100km,,,,,,,,235 km,87 kW (118 PS),220 Nm,162 Wh/km,226 Wh/km,191 Wh/km,105 Wh/km,173 Wh/km,138 Wh/km,37.3 kWh,,,,
0,Mercedes EQS 580 4MATIC,Mercedes,,4.3 sec,210 km/h,605 km,,,AWD,,Lithium-ion,432,400 V,,NCM811,108s4p,396 V,605 km,178 Wh/km,0 g/km,2.0 l/100km,588 km,213 Wh/km,183 Wh/km,2.4 l/100km,2.1 l/100km,189 Wh/km,240 Wh/km,211 Wh/km,127 Wh/km,184 Wh/km,154 Wh/km,120.0 kWh,,385 kW (523 PS),855 Nm,,,,,,,107.8 kWh,,,,
1,BMW iX3,BMW,"64,165",6.8 sec,180 km/h,,,,Rear,80.0 kWh,Lithium-ion,No Data,400 V,,NCM811,No Data,400 V,,,0 g/km,,453 km,195 Wh/km,163 Wh/km,2.2 l/100km,1.8 l/100km,,,,,,,,385 km,210 kW (286 PS),400 Nm,192 Wh/km,269 Wh/km,228 Wh/km,132 Wh/km,211 Wh/km,168 Wh/km,74.0 kWh,,,,
2,Renault Zoe ZE50 R110,Renault,"29,095",11.4 sec,135 km/h,,,,Front,,Lithium-ion,192,400 V,,NCM712,96s2p,350 V,,,0 g/km,,395 km,174 Wh/km,132 Wh/km,2.0 l/100km,1.5 l/100km,,,,,,,54.7 kWh,315 km,80 kW (109 PS),225 Nm,168 Wh/km,236 Wh/km,196 Wh/km,109 Wh/km,182 Wh/km,142 Wh/km,52.0 kWh,,,,
3,MG MG4 Electric 51 kWh,MG,"26,995",7.7 sec,160 km/h,305 km,,,Rear,51.0 kWh,Lithium-ion,104,400 V,,LFP,104s1p,No Data,305 km,167 Wh/km,0 g/km,1.9 l/100km,350 km,170 Wh/km,145 Wh/km,1.9 l/100km,1.6 l/100km,169 Wh/km,236 Wh/km,199 Wh/km,113 Wh/km,181 Wh/km,145 Wh/km,,,125 kW (170 PS),250 Nm,,,,,,,50.8 kWh,,,,
4,Opel Astra Electric,Opel,"36,000",,170 km/h,310 km,,,Front,54.0 kWh,Lithium-ion,102,400 V,,NMC811,102s1p,377 V,310 km,164 Wh/km,0 g/km,1.8 l/100km,416 km,149 Wh/km,122 Wh/km,1.7 l/100km,1.4 l/100km,169 Wh/km,231 Wh/km,195 Wh/km,110 Wh/km,178 Wh/km,143 Wh/km,,,115 kW (156 PS),270 Nm,,,,,,,50.8 kWh,,,8.5 sec,
5,Volkswagen ID.4 Pro,Volkswagen,"44,605",10.4 sec,160 km/h,410 km,,,Rear,82.0 kWh,Lithium-ion,288,400 V,,NCM712,96s3p,350 V,410 km,188 Wh/km,0 g/km,2.1 l/100km,513 km,171 Wh/km,150 Wh/km,1.9 l/100km,1.7 l/100km,190 Wh/km,261 Wh/km,223 Wh/km,128 Wh/km,205 Wh/km,166 Wh/km,,,128 kW (174 PS),235 Nm,,,,,,,77.0 kWh,,,,
6,Hongqi E-HS9 99 kWh,Hongqi,,4.9 sec,200 km/h,355 km,,,AWD,99.0 kWh,Lithium-ion,No Data,400 V,,No Data,No Data,410 V,355 km,254 Wh/km,0 g/km,2.8 l/100km,465 km,220 Wh/km,194 Wh/km,2.5 l/100km,2.2 l/100km,243 Wh/km,353 Wh/km,295 Wh/km,175 Wh/km,286 Wh/km,228 Wh/km,,,405 kW (551 PS),750 Nm,,,,,,,90.0 kWh,,,,
7,Hyundai IONIQ 6 Long Range 2WD,Hyundai,"46,745",7.4 sec,185 km/h,,,,Rear,77.4 kWh,Lithium-ion,384,800 V,74.0 kWh,No Data,192s2p,697 V,,,0 g/km,,545 km,160 Wh/km,136 Wh/km,1.8 l/100km,1.5 l/100km,,,,,,,,495 km,168 kW (228 PS),350 Nm,161 Wh/km,208 Wh/km,180 Wh/km,103 Wh/km,157 Wh/km,129 Wh/km,,,,,
8,Nissan Ariya 87kWh,Nissan,"51,895",7.6 sec,160 km/h,,,,Front,91.0 kWh,Lithium-ion,No Data,400 V,,NCM,No Data,No Data,,,0 g/km,,516 km,187 Wh/km,169 Wh/km,2.1 l/100km,1.9 l/100km,,,,,,,,445 km,178 kW (242 PS),300 Nm,193 Wh/km,272 Wh/km,229 Wh/km,133 Wh/km,215 Wh/km,171 Wh/km,87.0 kWh,,,,
9,Kia EV6 Long Range 2WD,Kia,"45,245",7.3 sec,185 km/h,410 km,,,Rear,77.4 kWh,Lithium-ion,384,800 V,74.0 kWh,No Data,192s2p,697 V,410 km,180 Wh/km,0 g/km,2.0 l/100km,504 km,172 Wh/km,147 Wh/km,1.9 l/100km,1.6 l/100km,185 Wh/km,255 Wh/km,214 Wh/km,124 Wh/km,197 Wh/km,157 Wh/km,,,168 kW (228 PS),350 Nm,,,,,,,,,,,
10,Nissan Leaf,Nissan,"28,995",7.9 sec,144 km/h,235 km,,,Front,40.0 kWh,Lithium-ion,192,400 V,,NCM523,96s2p,350 V,235 km,166 Wh/km,0 g/km,1.9 l/100km,270 km,171 Wh/km,144 Wh/km,1.9 l/100km,1.6 l/100km,166 Wh/km,236 Wh/km,195 Wh/km,110 Wh/km,181 Wh/km,142 Wh/km,,,110 kW (150 PS),320 Nm,,,,,,,39.0 kWh,,,,
11,Volkswagen ID.4 Pro Performance,Volkswagen,"46,035",8.5 sec,160 km/h,,,,Rear,82.0 kWh,Lithium-ion,288,400 V,,NCM712,96s3p,350 V,,,0 g/km,,506 km,178 Wh/km,152 Wh/km,2.0 l/100km,1.7 l/100km,,,,,,,,410 km,150 kW (204 PS),310 Nm,188 Wh/km,261 Wh/km,220 Wh/km,128 Wh/km,205 Wh/km,164 Wh/km,77.0 kWh,,,,
12,Fisker Ocean One,Fisker,"60,880",3.9 sec,205 km/h,525 km,,,AWD,113.0 kWh,Lithium-ion,No Data,400 V,105.0 kWh,NMC,No Data,No Data,525 km,200 Wh/km,0 g/km,2.2 l/100km,707 km,No Data,149 Wh/km,No Data,1.7 l/100km,202 Wh/km,280 Wh/km,236 Wh/km,140 Wh/km,219 Wh/km,176 Wh/km,,,420 kW (571 PS),737 Nm,,,,,,,,,,,
13,Volkswagen ID.4 Pure,Volkswagen,"38,845",10.9 sec,160 km/h,,,,Rear,55.0 kWh,Lithium-ion,192,400 V,,NCM712,96s2p,350 V,,,0 g/km,,341 km,170 Wh/km,152 Wh/km,1.9 l/100km,1.7 l/100km,,,,,,,,285 km,109 kW (148 PS),220 Nm,186 Wh/km,260 Wh/km,217 Wh/km,124 Wh/km,200 Wh/km,160 Wh/km,52.0 kWh,,,,
14,Rolls-Royce Spectre,Rolls-Royce,"350,000",4.5 sec,,455 km,,,AWD,,Lithium-ion,No Data,No Data,100.0 kWh,No Data,No Data,No Data,520 km,192 Wh/km,0 g/km,2.2 l/100km,,,,,,225 Wh/km,299 Wh/km,256 Wh/km,156 Wh/km,235 Wh/km,194 Wh/km,100.0 kWh,,430 kW (585 PS),900 Nm,,,,,,,,215 Wh/km,2.4 l/100km,,250 km/h
15,Mini Cooper SE,Mini,"29,000",7.3 sec,150 km/h,,,,Front,32.6 kWh,Lithium-ion,No Data,400 V,,No Data,No Data,No Data,,,0 g/km,,203 km,176 Wh/km,142 Wh/km,2.0 l/100km,1.6 l/100km,,,,,,,,180 km,135 kW (184 PS),270 Nm,161 Wh/km,231 Wh/km,193 Wh/km,105 Wh/km,175 Wh/km,138 Wh/km,28.9 kWh,,,,
16,Volkswagen ID.7 Pro S,Volkswagen,"56,000",,,520 km,,,Rear,91.0 kWh,Lithium-ion,312,400 V,,No Data,104s3p,No Data,700 km,123 Wh/km,0 g/km,1.4 l/100km,,,,,,176 Wh/km,226 Wh/km,198 Wh/km,115 Wh/km,174 Wh/km,143 Wh/km,,,210 kW (286 PS),550 Nm,,,,,,,86.0 kWh,No Data,No Data,7.0 sec,180 km/h
17,MG MG5 Electric Long Range,MG,"30,995",7.7 sec,185 km/h,,,,Front,61.1 kWh,Lithium-ion,No Data,400 V,,NMC,No Data,No Data,,,0 g/km,,380 km,179 Wh/km,151 Wh/km,2.0 l/100km,1.7 l/100km,,,,,,,,335 km,115 kW (156 PS),280 Nm,174 Wh/km,244 Wh/km,205 Wh/km,115 Wh/km,191 Wh/km,149 Wh/km,57.4 kWh,,,,
18,Volkswagen ID.3 Pro,Volkswagen,"37,115",7.3 sec,160 km/h,350 km,,,Rear,62.0 kWh,Lithium-ion,216,400 V,,No Data,108s2p,400 V,350 km,166 Wh/km,0 g/km,1.9 l/100km,429 km,153 Wh/km,135 Wh/km,1.7 l/100km,1.5 l/100km,171 Wh/km,232 Wh/km,197 Wh/km,112 Wh/km,178 Wh/km,143 Wh/km,,,150 kW (204 PS),310 Nm,,,,,,,58.0 kWh,,,,
19,Tesla Model X Dual Motor,Tesla,"100,000",3.9 sec,250 km/h,475 km,,,AWD,,Lithium-ion,7920,400 V,95.0 kWh,NCA,110s72p,407 V,475 km,200 Wh/km,0 g/km,2.2 l/100km,576 km,191 Wh/km,165 Wh/km,2.1 l/100km,1.9 l/100km,204 Wh/km,275 Wh/km,235 Wh/km,140 Wh/km,218 Wh/km,176 Wh/km,100.0 kWh,,504 kW (685 PS),No Data,,,,,,,,,,,
0,CUPRA Born 150 kW - 58 kWh,CUPRA,"36,475",7.3 sec,160 km/h,350 km,,,Rear,62.0 kWh,Lithium-ion,216,400 V,,No Data,108s2p,400 V,350 km,166 Wh/km,0 g/km,1.9 l/100km,358 km,180 Wh/km,162 Wh/km,2.0 l/100km,1.8 l/100km,171 Wh/km,232 Wh/km,197 Wh/km,113 Wh/km,181 Wh/km,145 Wh/km,,,150 kW (204 PS),310 Nm,,,,,,,58.0 kWh,,,,
1,Porsche Taycan Turbo S,Porsche,"142,400",2.8 sec,260 km/h,,,,AWD,93.4 kWh,Lithium-ion,396,800 V,,NCM712,198s2p,725 V,,,0 g/km,,390 km,256 Wh/km,215 Wh/km,2.9 l/100km,2.4 l/100km,,,,,,,,400 km,560 kW (761 PS),1050 Nm,215 Wh/km,289 Wh/km,246 Wh/km,149 Wh/km,226 Wh/km,186 Wh/km,83.7 kWh,,,,
2,Jeep Avenger Electric,Jeep,"34,800",9.0 sec,150 km/h,,,,Front,54.0 kWh,Lithium-ion,102,400 V,,NMC811,102s1p,377 V,,,0 g/km,,385 km,159 Wh/km,132 Wh/km,1.8 l/100km,1.5 l/100km,,,,,,,,300 km,115 kW (156 PS),260 Nm,169 Wh/km,242 Wh/km,199 Wh/km,113 Wh/km,188 Wh/km,147 Wh/km,50.8 kWh,,,,
3,Volkswagen ID.7 Pro,Volkswagen,"53,000",,,470 km,,,Rear,82.0 kWh,Lithium-ion,288,400 V,,No Data,96s3p,No Data,615 km,125 Wh/km,0 g/km,1.4 l/100km,,,,,,173 Wh/km,226 Wh/km,195 Wh/km,114 Wh/km,173 Wh/km,141 Wh/km,,,150 kW (204 PS),310 Nm,,,,,,,77.0 kWh,No Data,No Data,8.0 sec,180 km/h
4,Tesla Model X Plaid,Tesla,"125,000",2.6 sec,262 km/h,455 km,,,AWD,,Lithium-ion,7920,400 V,95.0 kWh,NCA,110s72p,407 V,455 km,209 Wh/km,0 g/km,2.3 l/100km,528 km,214 Wh/km,180 Wh/km,2.4 l/100km,2.0 l/100km,211 Wh/km,288 Wh/km,244 Wh/km,147 Wh/km,226 Wh/km,184 Wh/km,100.0 kWh,,760 kW (1033 PS),No Data,,,,,,,,,,,
5,Mercedes EQA 250+,Mercedes,"52,010",8.6 sec,160 km/h,,,,Front,,Lithium-ion,No Data,400 V,,No Data,No Data,No Data,,,0 g/km,,489 km,168 Wh/km,144 Wh/km,1.9 l/100km,1.6 l/100km,,,,,,,73.9 kWh,420 km,140 kW (190 PS),385 Nm,172 Wh/km,235 Wh/km,199 Wh/km,114 Wh/km,183 Wh/km,145 Wh/km,70.5 kWh,,,,
6,Skoda Enyaq iV 60,Skoda,"38,970",8.7 sec,160 km/h,325 km,,,Rear,62.0 kWh,Lithium-ion,216,400 V,,NCM712,108s2p,400 V,325 km,178 Wh/km,0 g/km,2.0 l/100km,390 km,No Data,149 Wh/km,No Data,1.7 l/100km,181 Wh/km,252 Wh/km,211 Wh/km,121 Wh/km,193 Wh/km,155 Wh/km,,,132 kW (179 PS),310 Nm,,,,,,,58.0 kWh,,,,
7,NIO ET5 100 kWh,NIO,,4.0 sec,200 km/h,500 km,,,AWD,100.0 kWh,Lithium-ion,96,400 V,,NCM,96s1p,No Data,500 km,180 Wh/km,0 g/km,2.0 l/100km,540 km,204 Wh/km,167 Wh/km,2.3 l/100km,1.9 l/100km,188 Wh/km,250 Wh/km,214 Wh/km,126 Wh/km,194 Wh/km,158 Wh/km,,,360 kW (489 PS),700 Nm,,,,,,,90.0 kWh,,,,
8,Peugeot e-208,Peugeot,"34,595",,150 km/h,290 km,,,Front,50.0 kWh,Lithium-ion,216,400 V,,No Data,108s2p,400 V,290 km,160 Wh/km,0 g/km,1.8 l/100km,350 km,160 Wh/km,132 Wh/km,1.8 l/100km,1.5 l/100km,165 Wh/km,226 Wh/km,193 Wh/km,108 Wh/km,175 Wh/km,138 Wh/km,,,100 kW (136 PS),260 Nm,,,,,,,46.3 kWh,,,8.1 sec,
9,Renault Zoe ZE50 R135,Renault,"29,995",9.5 sec,140 km/h,,,,Front,,Lithium-ion,192,400 V,,NCM712,96s2p,350 V,,,0 g/km,,385 km,177 Wh/km,135 Wh/km,2.0 l/100km,1.5 l/100km,,,,,,,54.7 kWh,310 km,100 kW (136 PS),245 Nm,170 Wh/km,236 Wh/km,200 Wh/km,112 Wh/km,186 Wh/km,146 Wh/km,52.0 kWh,,,,
10,Mercedes EQE 300,Mercedes,"74,345",7.3 sec,210 km/h,,,,Rear,,Lithium-ion,No Data,400 V,,No Data,No Data,No Data,,,0 g/km,,550 km,188 Wh/km,162 Wh/km,2.1 l/100km,1.8 l/100km,,,,,,,98.0 kWh,515 km,180 kW (245 PS),550 Nm,182 Wh/km,237 Wh/km,205 Wh/km,121 Wh/km,182 Wh/km,150 Wh/km,89.0 kWh,,,,
11,Audi Q8 e-tron Sportback 55 quattro,Audi,"80,300",5.6 sec,200 km/h,,,,AWD,114.0 kWh,Lithium-ion,432,400 V,,NCA,108s4p,397 V,,,0 g/km,,487 km,241 Wh/km,218 Wh/km,2.7 l/100km,2.4 l/100km,,,,,,,,525 km,300 kW (408 PS),664 Nm,208 Wh/km,275 Wh/km,238 Wh/km,143 Wh/km,216 Wh/km,178 Wh/km,106.0 kWh,,,,
12,Skoda Enyaq Coupe iV RS,Skoda,"54,370",6.5 sec,180 km/h,405 km,,,AWD,82.0 kWh,Lithium-ion,288,400 V,,No Data,96s3p,No Data,405 km,190 Wh/km,0 g/km,2.1 l/100km,505 km,170 Wh/km,152 Wh/km,1.9 l/100km,1.7 l/100km,195 Wh/km,261 Wh/km,226 Wh/km,133 Wh/km,205 Wh/km,167 Wh/km,,,220 kW (299 PS),460 Nm,,,,,,,77.0 kWh,,,,
13,CUPRA Born 170 kW - 77 kWh,CUPRA,"41,975",7.0 sec,160 km/h,450 km,,,Rear,82.0 kWh,Lithium-ion,288,400 V,,No Data,96s3p,350 V,450 km,171 Wh/km,0 g/km,1.9 l/100km,492 km,176 Wh/km,157 Wh/km,2.0 l/100km,1.8 l/100km,177 Wh/km,241 Wh/km,205 Wh/km,118 Wh/km,186 Wh/km,150 Wh/km,,,170 kW (231 PS),310 Nm,,,,,,,77.0 kWh,,,,
14,Mercedes EQB 250,Mercedes,,8.9 sec,160 km/h,,,,Front,69.7 kWh,Lithium-ion,300,400 V,,No Data,100s3p,367 V,,,0 g/km,,433 km,178 Wh/km,154 Wh/km,2.0 l/100km,1.7 l/100km,,,,,,,,385 km,140 kW (190 PS),385 Nm,177 Wh/km,242 Wh/km,205 Wh/km,118 Wh/km,187 Wh/km,149 Wh/km,66.5 kWh,,,,
15,Mercedes EQB 350 4MATIC,Mercedes,"56,810",6.2 sec,160 km/h,,,,AWD,69.7 kWh,Lithium-ion,300,400 V,,No Data,100s3p,367 V,,,0 g/km,,395 km,194 Wh/km,168 Wh/km,2.2 l/100km,1.9 l/100km,,,,,,,,340 km,215 kW (292 PS),520 Nm,196 Wh/km,271 Wh/km,229 Wh/km,134 Wh/km,215 Wh/km,173 Wh/km,66.5 kWh,,,,
16,Polestar 4 Long Range Single Motor,Polestar,"55,000",7.4 sec,180 km/h,510 km,,,Rear,102.0 kWh,Lithium-ion,110,400 V,,NMC,110s1p,407 V,600 km,157 Wh/km,0 g/km,1.8 l/100km,,,,,,190 Wh/km,258 Wh/km,219 Wh/km,128 Wh/km,200 Wh/km,162 Wh/km,,,200 kW (272 PS),343 Nm,,,,,,,94.0 kWh,148 Wh/km,1.7 l/100km,,
17,Mercedes EQS SUV 580 4MATIC,Mercedes,"139,170",4.6 sec,210 km/h,485 km,,,AWD,,Lithium-ion,432,400 V,,NCM811,108s4p,396 V,485 km,224 Wh/km,0 g/km,2.5 l/100km,511 km,243 Wh/km,212 Wh/km,2.7 l/100km,2.4 l/100km,221 Wh/km,310 Wh/km,261 Wh/km,156 Wh/km,244 Wh/km,197 Wh/km,120.0 kWh,,400 kW (544 PS),858 Nm,,,,,,,108.4 kWh,,,,
18,Mazda MX-30,Mazda,"30,050",9.7 sec,140 km/h,,,,Front,35.5 kWh,Lithium-ion,No Data,400 V,30.0 kWh,No Data,No Data,No Data,,,0 g/km,,200 km,179 Wh/km,150 Wh/km,2.0 l/100km,1.7 l/100km,,,,,,,,170 km,107 kW (145 PS),271 Nm,176 Wh/km,250 Wh/km,214 Wh/km,120 Wh/km,200 Wh/km,154 Wh/km,,,,,
19,Lucid Air Dream Edition R,Lucid,,2.9 sec,270 km/h,,,,AWD,,Lithium-ion,6600,800 V,118.0 kWh,No Data,220s30p,800 V,,,0 g/km,,828 km,160 Wh/km,143 Wh/km,1.8 l/100km,1.6 l/100km,,,,,,,118.0 kWh,685 km,696 kW (946 PS),1390 Nm,184 Wh/km,234 Wh/km,205 Wh/km,123 Wh/km,180 Wh/km,149 Wh/km,,,,,
0,Kia EV6 Long Range AWD,Kia,"51,745",5.2 sec,185 km/h,400 km,,,AWD,77.4 kWh,Lithium-ion,384,800 V,74.0 kWh,No Data,192s2p,697 V,400 km,185 Wh/km,0 g/km,2.1 l/100km,484 km,180 Wh/km,153 Wh/km,2.0 l/100km,1.7 l/100km,187 Wh/km,260 Wh/km,218 Wh/km,128 Wh/km,200 Wh/km,161 Wh/km,,,239 kW (325 PS),605 Nm,,,,,,,,,,,
1,Volvo XC40 Recharge Single Motor,Volvo,"46,505",7.3 sec,180 km/h,345 km,,,Rear,69.0 kWh,Lithium-ion,288,400 V,,NCM,96s3p,355 V,345 km,191 Wh/km,0 g/km,2.1 l/100km,454 km,173 Wh/km,145 Wh/km,1.9 l/100km,1.6 l/100km,191 Wh/km,269 Wh/km,228 Wh/km,129 Wh/km,213 Wh/km,169 Wh/km,,,175 kW (238 PS),420 Nm,,,,,,,66.0 kWh,,,,
2,Citroen e-C4,Citroen,"30,995",9.7 sec,150 km/h,275 km,,,Front,50.0 kWh,Lithium-ion,216,400 V,,No Data,108s2p,400 V,275 km,168 Wh/km,0 g/km,1.9 l/100km,357 km,153 Wh/km,130 Wh/km,1.7 l/100km,1.5 l/100km,171 Wh/km,237 Wh/km,201 Wh/km,113 Wh/km,185 Wh/km,147 Wh/km,,,100 kW (136 PS),260 Nm,,,,,,,46.3 kWh,,,,
3,Polestar 2 Long Range Single Motor,Polestar,"48,950",6.2 sec,205 km/h,440 km,,,Rear,82.0 kWh,Lithium-ion,324,400 V,,NCM,108s3p,400 V,440 km,177 Wh/km,0 g/km,2.0 l/100km,591 km,No Data,132 Wh/km,No Data,1.5 l/100km,181 Wh/km,248 Wh/km,211 Wh/km,122 Wh/km,193 Wh/km,154 Wh/km,,,220 kW (299 PS),490 Nm,,,,,,,78.0 kWh,,,,
4,Dacia Spring Electric 65 Extreme,Dacia,,13.7 sec,125 km/h,160 km,,,Front,26.8 kWh,Lithium-ion,72,400 V,25.0 kWh,No Data,72s1p,240 V,160 km,156 Wh/km,0 g/km,1.8 l/100km,220 km,145 Wh/km,114 Wh/km,1.6 l/100km,1.3 l/100km,156 Wh/km,227 Wh/km,185 Wh/km,100 Wh/km,179 Wh/km,135 Wh/km,,,48 kW (65 PS),113 Nm,,,,,,,,,,,
5,Subaru Solterra AWD,Subaru,"49,995",6.9 sec,160 km/h,320 km,,,AWD,71.4 kWh,Lithium-ion,96,400 V,,No Data,96s1p,355 V,320 km,200 Wh/km,0 g/km,2.2 l/100km,416 km,179 Wh/km,154 Wh/km,2.0 l/100km,1.7 l/100km,200 Wh/km,284 Wh/km,237 Wh/km,136 Wh/km,221 Wh/km,175 Wh/km,,,160 kW (218 PS),336 Nm,,,,,,,64.0 kWh,,,,
6,Fisker Ocean Ultra,Fisker,"49,880",4.2 sec,,525 km,,,AWD,113.0 kWh,Lithium-ion,No Data,400 V,105.0 kWh,NMC,No Data,No Data,610 km,172 Wh/km,0 g/km,1.9 l/100km,,,,,,202 Wh/km,276 Wh/km,236 Wh/km,139 Wh/km,219 Wh/km,176 Wh/km,,,400 kW (544 PS),No Data,,,,,,,,No Data,No Data,,200 km/h
7,Hyundai IONIQ 5 Long Range AWD,Hyundai,"50,150",5.1 sec,185 km/h,385 km,,,AWD,77.4 kWh,Lithium-ion,384,800 V,74.0 kWh,No Data,192s2p,697 V,385 km,192 Wh/km,0 g/km,2.2 l/100km,454 km,191 Wh/km,163 Wh/km,2.1 l/100km,1.8 l/100km,195 Wh/km,269 Wh/km,228 Wh/km,132 Wh/km,211 Wh/km,170 Wh/km,,,239 kW (325 PS),605 Nm,,,,,,,,,,,
8,Volkswagen e-Up!,Volkswagen,"24,085",11.9 sec,130 km/h,,,,Front,36.8 kWh,Lithium-ion,168,400 V,,NCM622,84s2p,310 V,,,0 g/km,,253 km,147 Wh/km,128 Wh/km,1.7 l/100km,1.4 l/100km,,,,,,,,205 km,61 kW (83 PS),210 Nm,158 Wh/km,223 Wh/km,190 Wh/km,103 Wh/km,175 Wh/km,135 Wh/km,32.3 kWh,,,,
9,Opel Mokka-e,Opel,"34,910",9.2 sec,150 km/h,260 km,,,Front,50.0 kWh,Lithium-ion,216,400 V,,No Data,108s2p,400 V,260 km,178 Wh/km,0 g/km,2.0 l/100km,338 km,158 Wh/km,137 Wh/km,1.8 l/100km,1.5 l/100km,175 Wh/km,250 Wh/km,210 Wh/km,117 Wh/km,197 Wh/km,154 Wh/km,,,100 kW (136 PS),260 Nm,,,,,,,46.3 kWh,,,,
10,Audi Q8 e-tron 50 quattro,Audi,"67,800",6.0 sec,200 km/h,420 km,,,AWD,95.0 kWh,Lithium-ion,No Data,400 V,,No Data,No Data,No Data,420 km,212 Wh/km,0 g/km,2.4 l/100km,410 km,240 Wh/km,217 Wh/km,2.7 l/100km,2.4 l/100km,214 Wh/km,292 Wh/km,247 Wh/km,148 Wh/km,231 Wh/km,187 Wh/km,,,250 kW (340 PS),664 Nm,,,,,,,89.0 kWh,,,,
11,Porsche Taycan,Porsche,"75,500",5.4 sec,230 km/h,,,,Rear,79.2 kWh,Lithium-ion,336,800 V,,NCM712,168s2p,615 V,,,0 g/km,,354 km,248 Wh/km,201 Wh/km,2.8 l/100km,2.3 l/100km,,,,,,,,410 km,300 kW (408 PS),345 Nm,182 Wh/km,241 Wh/km,206 Wh/km,122 Wh/km,184 Wh/km,151 Wh/km,71.0 kWh,,,,
12,Lotus Eletre,Lotus,"89,500",4.5 sec,250 km/h,520 km,,,AWD,,Lithium-ion,No Data,800 V,107.0 kWh,No Data,No Data,No Data,600 km,178 Wh/km,0 g/km,2.0 l/100km,580 km,No Data,184 Wh/km,No Data,2.1 l/100km,212 Wh/km,282 Wh/km,243 Wh/km,146 Wh/km,221 Wh/km,181 Wh/km,112.0 kWh,,450 kW (612 PS),710 Nm,,,,,,,,No Data,No Data,,
13,Citroen e-C4 X,Citroen,,9.7 sec,150 km/h,275 km,,,Front,50.0 kWh,Lithium-ion,216,400 V,,No Data,108s2p,400 V,275 km,168 Wh/km,0 g/km,1.9 l/100km,360 km,No Data,129 Wh/km,No Data,1.4 l/100km,171 Wh/km,237 Wh/km,201 Wh/km,113 Wh/km,185 Wh/km,147 Wh/km,,,100 kW (136 PS),260 Nm,,,,,,,46.3 kWh,,,,
14,Audi Q4 e-tron 35,Audi,"44,690",9.0 sec,160 km/h,285 km,,,Rear,55.0 kWh,Lithium-ion,192,400 V,,No Data,96s2p,No Data,285 km,182 Wh/km,0 g/km,2.1 l/100km,306 km,191 Wh/km,170 Wh/km,2.1 l/100km,1.9 l/100km,186 Wh/km,260 Wh/km,217 Wh/km,124 Wh/km,200 Wh/km,160 Wh/km,,,125 kW (170 PS),310 Nm,,,,,,,52.0 kWh,,,,
15,Hyundai Kona Electric 65 kWh,Hyundai,"40,000",,,400 km,,,Front,,Lithium-ion,No Data,400 V,,No Data,No Data,No Data,400 km,164 Wh/km,0 g/km,1.8 l/100km,490 km,157 Wh/km,133 Wh/km,1.8 l/100km,1.5 l/100km,168 Wh/km,229 Wh/km,195 Wh/km,111 Wh/km,179 Wh/km,142 Wh/km,68.5 kWh,,160 kW (218 PS),255 Nm,,,,,,,65.4 kWh,,,8.0 sec,167 km/h
16,Audi SQ8 e-tron,Audi,"97,500",4.5 sec,210 km/h,455 km,,,AWD,114.0 kWh,Lithium-ion,432,400 V,,NCA,108s4p,397 V,455 km,233 Wh/km,0 g/km,2.6 l/100km,416 km,290 Wh/km,255 Wh/km,3.3 l/100km,2.9 l/100km,230 Wh/km,321 Wh/km,272 Wh/km,163 Wh/km,255 Wh/km,206 Wh/km,,,370 kW (503 PS),973 Nm,,,,,,,106.0 kWh,,,,
17,Peugeot e-2008 SUV,Peugeot,"35,150",8.5 sec,150 km/h,260 km,,,Front,50.0 kWh,Lithium-ion,216,400 V,,No Data,108s2p,400 V,260 km,178 Wh/km,0 g/km,2.0 l/100km,330 km,161 Wh/km,140 Wh/km,1.8 l/100km,1.6 l/100km,175 Wh/km,250 Wh/km,210 Wh/km,117 Wh/km,197 Wh/km,154 Wh/km,,,100 kW (136 PS),260 Nm,,,,,,,46.3 kWh,,,,
18,Kia EV9 99.8 kWh AWD,Kia,"65,000",5.3 sec,,450 km,,,AWD,,Lithium-ion,No Data,800 V,99.8 kWh,No Data,No Data,No Data,450 km,222 Wh/km,0 g/km,2.5 l/100km,,,,,,219 Wh/km,307 Wh/km,259 Wh/km,155 Wh/km,246 Wh/km,198 Wh/km,105.0 kWh,,283 kW (385 PS),700 Nm,,,,,,,,,,,180 km/h
19,Hyundai Kona Electric 39 kWh,Hyundai,"32,450",9.9 sec,155 km/h,250 km,,,Front,,Lithium-ion,No Data,400 V,,No Data,No Data,327 V,250 km,157 Wh/km,0 g/km,1.8 l/100km,305 km,143 Wh/km,129 Wh/km,1.6 l/100km,1.4 l/100km,160 Wh/km,224 Wh/km,187 Wh/km,103 Wh/km,170 Wh/km,135 Wh/km,42.0 kWh,,100 kW (136 PS),395 Nm,,,,,,,39.2 kWh,,,,
20,Polestar 4 Long Range Dual Motor,Polestar,"60,000",3.8 sec,200 km/h,475 km,,,AWD,102.0 kWh,Lithium-ion,110,400 V,,NMC,110s1p,407 V,560 km,168 Wh/km,0 g/km,1.9 l/100km,,,,,,202 Wh/km,272 Wh/km,232 Wh/km,138 Wh/km,214 Wh/km,174 Wh/km,,,400 kW (544 PS),686 Nm,,,,,,,94.0 kWh,167 Wh/km,1.9 l/100km,,
21,XPENG P7 RWD Long Range,XPENG,,6.7 sec,200 km/h,500 km,,,Rear,86.2 kWh,Lithium-ion,No Data,400 V,,NCM,No Data,No Data,500 km,165 Wh/km,0 g/km,1.9 l/100km,576 km,168 Wh/km,144 Wh/km,1.9 l/100km,1.6 l/100km,174 Wh/km,230 Wh/km,197 Wh/km,114 Wh/km,176 Wh/km,143 Wh/km,,,203 kW (276 PS),440 Nm,,,,,,,82.7 kWh,,,,
22,NIO ET7 75 kWh,NIO,,3.8 sec,200 km/h,400 km,,,AWD,75.0 kWh,Lithium-ion,118,400 V,,LFP & NCM,118s1p,No Data,400 km,176 Wh/km,0 g/km,2.0 l/100km,385 km,223 Wh/km,183 Wh/km,2.5 l/100km,2.1 l/100km,188 Wh/km,243 Wh/km,210 Wh/km,126 Wh/km,186 Wh/km,153 Wh/km,,,480 kW (653 PS),850 Nm,,,,,,,70.5 kWh,,,,
23,Mercedes EQE SUV 350+,Mercedes,,6.7 sec,210 km/h,470 km,,,Rear,,Lithium-ion,360,400 V,,NCM811,90s4p,328 V,470 km,193 Wh/km,0 g/km,2.2 l/100km,480 km,218 Wh/km,189 Wh/km,2.4 l/100km,2.1 l/100km,197 Wh/km,266 Wh/km,227 Wh/km,134 Wh/km,208 Wh/km,169 Wh/km,100.0 kWh,,215 kW (292 PS),565 Nm,,,,,,,90.6 kWh,,,,
24,Polestar 2 Standard Range Single Motor,Polestar,"44,950",6.4 sec,205 km/h,385 km,,,Rear,69.0 kWh,Lithium-ion,288,400 V,,NCM,96s3p,355 V,385 km,174 Wh/km,0 g/km,2.0 l/100km,482 km,No Data,139 Wh/km,No Data,1.6 l/100km,179 Wh/km,244 Wh/km,206 Wh/km,120 Wh/km,189 Wh/km,152 Wh/km,,,200 kW (272 PS),490 Nm,,,,,,,67.0 kWh,,,,
25,Hyundai IONIQ 5 Standard Range 2WD,Hyundai,"43,150",8.5 sec,185 km/h,295 km,,,Rear,58.0 kWh,Lithium-ion,288,800 V,54.0 kWh,No Data,144s2p,523 V,295 km,183 Wh/km,0 g/km,2.1 l/100km,384 km,167 Wh/km,141 Wh/km,1.9 l/100km,1.6 l/100km,183 Wh/km,257 Wh/km,216 Wh/km,124 Wh/km,200 Wh/km,159 Wh/km,,,125 kW (170 PS),350 Nm,,,,,,,,,,,
26,Opel Corsa-e,Opel,"31,130",8.1 sec,150 km/h,295 km,,,Front,50.0 kWh,Lithium-ion,216,400 V,,No Data,108s2p,400 V,295 km,157 Wh/km,0 g/km,1.8 l/100km,359 km,156 Wh/km,129 Wh/km,1.8 l/100km,1.4 l/100km,162 Wh/km,226 Wh/km,189 Wh/km,105 Wh/km,171 Wh/km,136 Wh/km,,,100 kW (136 PS),260 Nm,,,,,,,46.3 kWh,,,,
27,Smart EQ fortwo coupe,Smart,"22,225",11.6 sec,130 km/h,,,,Rear,17.6 kWh,Lithium-ion,No Data,400 V,16.7 kWh,No Data,No Data,No Data,,,0 g/km,,133 km,161 Wh/km,126 Wh/km,1.8 l/100km,1.4 l/100km,,,,,,,,100 km,60 kW (82 PS),160 Nm,159 Wh/km,239 Wh/km,196 Wh/km,104 Wh/km,186 Wh/km,145 Wh/km,,,,,
28,e.Go e.wave X,e.Go,,,135 km/h,150 km,,,Rear,30.4 kWh,Lithium-ion,No Data,400 V,27.0 kWh,No Data,No Data,No Data,150 km,180 Wh/km,0 g/km,2.0 l/100km,163 km,186 Wh/km,166 Wh/km,2.1 l/100km,1.9 l/100km,174 Wh/km,257 Wh/km,208 Wh/km,115 Wh/km,200 Wh/km,154 Wh/km,,,86 kW (117 PS),No Data,,,,,,,,,,12.0 sec,
29,Smart #1 Brabus,Smart,"42,000",3.9 sec,180 km/h,320 km,,,AWD,66.0 kWh,Lithium-ion,No Data,400 V,,NCM,No Data,No Data,320 km,194 Wh/km,0 g/km,2.2 l/100km,400 km,179 Wh/km,155 Wh/km,2.0 l/100km,1.7 l/100km,194 Wh/km,276 Wh/km,230 Wh/km,132 Wh/km,214 Wh/km,170 Wh/km,,,315 kW (428 PS),543 Nm,,,,,,,62.0 kWh,,,,
30,Volkswagen ID.5 Pro,Volkswagen,"50,710",10.4 sec,160 km/h,430 km,,,Rear,82.0 kWh,Lithium-ion,288,400 V,,NCM712,96s3p,350 V,430 km,179 Wh/km,0 g/km,2.0 l/100km,516 km,169 Wh/km,149 Wh/km,1.9 l/100km,1.7 l/100km,183 Wh/km,248 Wh/km,214 Wh/km,124 Wh/km,195 Wh/km,157 Wh/km,,,128 kW (174 PS),235 Nm,,,,,,,77.0 kWh,,,,
31,MG ZS EV Standard Range,MG,"30,495",8.6 sec,175 km/h,265 km,,,Front,51.1 kWh,Lithium-ion,No Data,400 V,,No Data,No Data,No Data,265 km,185 Wh/km,0 g/km,2.1 l/100km,320 km,173 Wh/km,153 Wh/km,1.9 l/100km,1.7 l/100km,181 Wh/km,265 Wh/km,218 Wh/km,121 Wh/km,204 Wh/km,161 Wh/km,,,130 kW (177 PS),280 Nm,,,,,,,49.0 kWh,,,,
32,Volkswagen ID.3 Pro S - 4 Seats,Volkswagen,"42,870",7.9 sec,160 km/h,455 km,,,Rear,82.0 kWh,Lithium-ion,288,400 V,,No Data,96s3p,350 V,455 km,169 Wh/km,0 g/km,1.9 l/100km,559 km,157 Wh/km,138 Wh/km,1.8 l/100km,1.5 l/100km,175 Wh/km,237 Wh/km,203 Wh/km,116 Wh/km,183 Wh/km,147 Wh/km,,,150 kW (204 PS),310 Nm,,,,,,,77.0 kWh,,,,
33,Volvo XC40 Recharge Twin Motor,Volvo,"51,755",4.8 sec,180 km/h,390 km,,,AWD,82.0 kWh,Lithium-ion,324,400 V,,NCM,108s3p,400 V,390 km,203 Wh/km,0 g/km,2.3 l/100km,522 km,181 Wh/km,151 Wh/km,2.0 l/100km,1.7 l/100km,200 Wh/km,287 Wh/km,239 Wh/km,139 Wh/km,226 Wh/km,180 Wh/km,,,300 kW (408 PS),670 Nm,,,,,,,79.0 kWh,,,,
34,Polestar 3 Long Range Dual motor,Polestar,"79,900",5.0 sec,210 km/h,490 km,,,AWD,111.0 kWh,Lithium-ion,204,400 V,,NMC,102s2p,No Data,610 km,175 Wh/km,0 g/km,2.0 l/100km,,,,,,218 Wh/km,301 Wh/km,255 Wh/km,152 Wh/km,238 Wh/km,193 Wh/km,,,360 kW (489 PS),840 Nm,,,,,,,107.0 kWh,No Data,No Data,,
35,Audi e-tron GT quattro,Audi,"84,000",4.1 sec,245 km/h,420 km,,,AWD,93.4 kWh,Lithium-ion,396,800 V,,NCM622,198s2p,725 V,420 km,202 Wh/km,0 g/km,2.3 l/100km,487 km,199 Wh/km,175 Wh/km,2.2 l/100km,2.0 l/100km,210 Wh/km,279 Wh/km,239 Wh/km,144 Wh/km,218 Wh/km,179 Wh/km,,,390 kW (530 PS),640 Nm,,,,,,,85.0 kWh,,,,
36,Fisker Ocean Sport,Fisker,"35,970",7.4 sec,,380 km,,,Front,,Lithium-ion,No Data,400 V,75.0 kWh,LFP,No Data,No Data,440 km,170 Wh/km,0 g/km,1.9 l/100km,,,,,,197 Wh/km,273 Wh/km,231 Wh/km,135 Wh/km,214 Wh/km,172 Wh/km,75.0 kWh,,205 kW (279 PS),No Data,,,,,,,,No Data,No Data,,160 km/h
37,Fisker Ocean Extreme,Fisker,"60,880",3.9 sec,205 km/h,525 km,,,AWD,113.0 kWh,Lithium-ion,No Data,400 V,105.0 kWh,NMC,No Data,No Data,525 km,200 Wh/km,0 g/km,2.2 l/100km,707 km,No Data,149 Wh/km,No Data,1.7 l/100km,202 Wh/km,280 Wh/km,236 Wh/km,140 Wh/km,219 Wh/km,176 Wh/km,,,420 kW (571 PS),737 Nm,,,,,,,,,,,
38,Mercedes EQS AMG 53 4MATIC+,Mercedes,"161,860",3.4 sec,250 km/h,,,,AWD,,Lithium-ion,432,400 V,,NCM811,108s4p,396 V,,,0 g/km,,526 km,243 Wh/km,205 Wh/km,2.7 l/100km,2.3 l/100km,,,,,,,120.0 kWh,540 km,560 kW (761 PS),1020 Nm,209 Wh/km,273 Wh/km,237 Wh/km,144 Wh/km,213 Wh/km,175 Wh/km,107.8 kWh,,,,
39,Toyota bZ4X AWD,Toyota,"52,110",6.9 sec,160 km/h,,,,AWD,71.4 kWh,Lithium-ion,96,400 V,,No Data,96s1p,355 V,,,0 g/km,,415 km,180 Wh/km,154 Wh/km,2.0 l/100km,1.7 l/100km,,,,,,,,315 km,160 kW (218 PS),336 Nm,200 Wh/km,284 Wh/km,237 Wh/km,139 Wh/km,225 Wh/km,178 Wh/km,64.0 kWh,,,,
0,Volvo XC40 Recharge Single Motor ER,Volvo,,7.3 sec,180 km/h,405 km,,,Rear,82.0 kWh,Lithium-ion,324,400 V,,NCM,108s3p,400 V,405 km,195 Wh/km,0 g/km,2.2 l/100km,553 km,173 Wh/km,143 Wh/km,1.9 l/100km,1.6 l/100km,193 Wh/km,277 Wh/km,229 Wh/km,132 Wh/km,216 Wh/km,172 Wh/km,,,185 kW (252 PS),420 Nm,,,,,,,79.0 kWh,,,,
1,Nissan Leaf e+,Nissan,"34,945",6.9 sec,157 km/h,340 km,,,Front,62.0 kWh,Lithium-ion,288,400 V,,NCM523,96s3p,350 V,340 km,174 Wh/km,0 g/km,1.9 l/100km,385 km,No Data,153 Wh/km,No Data,1.7 l/100km,176 Wh/km,246 Wh/km,207 Wh/km,117 Wh/km,190 Wh/km,151 Wh/km,,,160 kW (218 PS),340 Nm,,,,,,,59.0 kWh,,,,
2,Volkswagen ID.5 Pro Performance,Volkswagen,"52,185",8.4 sec,160 km/h,430 km,,,Rear,82.0 kWh,Lithium-ion,288,400 V,,NCM712,96s3p,350 V,430 km,179 Wh/km,0 g/km,2.0 l/100km,516 km,169 Wh/km,149 Wh/km,1.9 l/100km,1.7 l/100km,183 Wh/km,252 Wh/km,214 Wh/km,124 Wh/km,195 Wh/km,157 Wh/km,,,150 kW (204 PS),310 Nm,,,,,,,77.0 kWh,,,,
3,Hyundai IONIQ 6 Standard Range 2WD,Hyundai,,8.8 sec,185 km/h,365 km,,,Rear,58.0 kWh,Lithium-ion,288,800 V,54.0 kWh,No Data,144s2p,523 V,365 km,148 Wh/km,0 g/km,1.7 l/100km,429 km,139 Wh/km,126 Wh/km,1.6 l/100km,1.4 l/100km,159 Wh/km,208 Wh/km,180 Wh/km,102 Wh/km,157 Wh/km,127 Wh/km,,,111 kW (151 PS),350 Nm,,,,,,,,,,,
4,Volkswagen ID.5 GTX,Volkswagen,"56,545",6.3 sec,180 km/h,405 km,,,AWD,82.0 kWh,Lithium-ion,288,400 V,,No Data,96s3p,No Data,405 km,190 Wh/km,0 g/km,2.1 l/100km,480 km,207 Wh/km,160 Wh/km,2.3 l/100km,1.8 l/100km,193 Wh/km,261 Wh/km,223 Wh/km,131 Wh/km,205 Wh/km,166 Wh/km,,,220 kW (299 PS),460 Nm,,,,,,,77.0 kWh,,,,
5,Renault Twingo Electric,Renault,,12.6 sec,135 km/h,135 km,,,Rear,,Lithium-ion,No Data,400 V,,No Data,No Data,No Data,135 km,158 Wh/km,0 g/km,1.8 l/100km,190 km,163 Wh/km,112 Wh/km,1.8 l/100km,1.3 l/100km,158 Wh/km,237 Wh/km,194 Wh/km,104 Wh/km,178 Wh/km,137 Wh/km,23.0 kWh,,60 kW (82 PS),160 Nm,,,,,,,21.3 kWh,,,,
6,Peugeot e-308,Peugeot,"37,000",9.8 sec,170 km/h,300 km,,,Front,54.0 kWh,Lithium-ion,No Data,400 V,,NMC811,No Data,400 V,300 km,169 Wh/km,0 g/km,1.9 l/100km,410 km,No Data,124 Wh/km,No Data,1.4 l/100km,172 Wh/km,236 Wh/km,199 Wh/km,114 Wh/km,185 Wh/km,147 Wh/km,,,115 kW (156 PS),260 Nm,,,,,,,50.8 kWh,,,,
7,Mercedes EQB 300 4MATIC,Mercedes,"55,310",8.0 sec,160 km/h,,,,AWD,69.7 kWh,Lithium-ion,300,400 V,,No Data,100s3p,367 V,,,0 g/km,,395 km,194 Wh/km,168 Wh/km,2.2 l/100km,1.9 l/100km,,,,,,,,340 km,168 kW (228 PS),390 Nm,196 Wh/km,271 Wh/km,229 Wh/km,134 Wh/km,215 Wh/km,173 Wh/km,66.5 kWh,,,,
8,MG Marvel R,MG,,7.9 sec,200 km/h,335 km,,,Rear,,Lithium-ion,No Data,400 V,65.0 kWh,No Data,No Data,No Data,335 km,194 Wh/km,0 g/km,2.2 l/100km,402 km,194 Wh/km,162 Wh/km,2.2 l/100km,1.8 l/100km,191 Wh/km,277 Wh/km,228 Wh/km,131 Wh/km,217 Wh/km,171 Wh/km,69.9 kWh,,132 kW (179 PS),410 Nm,,,,,,,,,,,
9,Mercedes EQV 300 Long,Mercedes,"83,530",12.1 sec,160 km/h,,,,Front,100.0 kWh,Lithium-ion,288,400 V,,No Data,96s3p,352 V,,,0 g/km,,363 km,276 Wh/km,248 Wh/km,3.1 l/100km,2.8 l/100km,,,,,,,,310 km,150 kW (204 PS),362 Nm,273 Wh/km,409 Wh/km,333 Wh/km,200 Wh/km,333 Wh/km,261 Wh/km,90.0 kWh,,,,
10,MG Marvel R Performance,MG,,4.9 sec,200 km/h,330 km,,,AWD,,Lithium-ion,No Data,400 V,65.0 kWh,No Data,No Data,No Data,330 km,197 Wh/km,0 g/km,2.2 l/100km,370 km,209 Wh/km,176 Wh/km,2.3 l/100km,2.0 l/100km,197 Wh/km,283 Wh/km,232 Wh/km,134 Wh/km,220 Wh/km,176 Wh/km,69.9 kWh,,212 kW (288 PS),665 Nm,,,,,,,,,,,
11,NIO ET5 75 kWh,NIO,,4.0 sec,200 km/h,395 km,,,AWD,75.0 kWh,Lithium-ion,118,400 V,,LFP & NCM,118s1p,No Data,395 km,178 Wh/km,0 g/km,2.0 l/100km,419 km,205 Wh/km,168 Wh/km,2.3 l/100km,1.9 l/100km,186 Wh/km,247 Wh/km,210 Wh/km,125 Wh/km,191 Wh/km,155 Wh/km,,,360 kW (489 PS),700 Nm,,,,,,,70.5 kWh,,,,
12,Audi Q4 e-tron 50 quattro,Audi,"56,310",6.2 sec,180 km/h,385 km,,,AWD,82.0 kWh,Lithium-ion,288,400 V,,No Data,96s3p,No Data,385 km,199 Wh/km,0 g/km,2.2 l/100km,412 km,213 Wh/km,186 Wh/km,2.4 l/100km,2.1 l/100km,199 Wh/km,279 Wh/km,232 Wh/km,137 Wh/km,219 Wh/km,174 Wh/km,,,220 kW (299 PS),460 Nm,,,,,,,76.6 kWh,,,,
13,Mercedes EQA 250,Mercedes,,8.6 sec,160 km/h,,,,Front,69.7 kWh,Lithium-ion,300,400 V,,No Data,100s3p,367 V,,,0 g/km,,458 km,169 Wh/km,145 Wh/km,1.9 l/100km,1.6 l/100km,,,,,,,,395 km,140 kW (190 PS),385 Nm,173 Wh/km,238 Wh/km,199 Wh/km,114 Wh/km,182 Wh/km,146 Wh/km,66.5 kWh,,,,
14,Genesis GV70 Electrified Sport,Genesis,"64,405",4.2 sec,235 km/h,350 km,,,AWD,77.4 kWh,Lithium-ion,384,800 V,74.0 kWh,No Data,192s2p,697 V,350 km,211 Wh/km,0 g/km,2.4 l/100km,455 km,192 Wh/km,163 Wh/km,2.2 l/100km,1.8 l/100km,211 Wh/km,296 Wh/km,247 Wh/km,147 Wh/km,235 Wh/km,187 Wh/km,,,360 kW (489 PS),700 Nm,,,,,,,,,,,
15,Porsche Taycan 4S,Porsche,"86,500",4.0 sec,250 km/h,,,,AWD,79.2 kWh,Lithium-ion,336,800 V,,NCM712,168s2p,615 V,,,0 g/km,,335 km,256 Wh/km,212 Wh/km,2.9 l/100km,2.4 l/100km,,,,,,,,395 km,390 kW (530 PS),640 Nm,189 Wh/km,245 Wh/km,212 Wh/km,127 Wh/km,189 Wh/km,156 Wh/km,71.0 kWh,,,,
16,Peugeot e-208,Peugeot,"34,955",8.2 sec,150 km/h,310 km,,,Front,51.0 kWh,Lithium-ion,No Data,400 V,,No Data,No Data,No Data,310 km,155 Wh/km,0 g/km,1.7 l/100km,398 km,145 Wh/km,121 Wh/km,1.6 l/100km,1.4 l/100km,160 Wh/km,219 Wh/km,185 Wh/km,103 Wh/km,169 Wh/km,134 Wh/km,,,115 kW (156 PS),260 Nm,,,,,,,48.1 kWh,,,,
17,Skoda Enyaq iV 80x,Skoda,"51,765",6.9 sec,160 km/h,400 km,,,AWD,82.0 kWh,Lithium-ion,288,400 V,,No Data,96s3p,No Data,400 km,193 Wh/km,0 g/km,2.2 l/100km,496 km,174 Wh/km,155 Wh/km,2.0 l/100km,1.7 l/100km,195 Wh/km,266 Wh/km,226 Wh/km,133 Wh/km,208 Wh/km,167 Wh/km,,,195 kW (265 PS),425 Nm,,,,,,,77.0 kWh,,,,
18,Ford Mustang Mach-E ER RWD,Ford,"59,380",7.0 sec,180 km/h,,,,Rear,98.7 kWh,Lithium-ion,376,400 V,,No Data,94s4p,No Data,,,0 g/km,,600 km,173 Wh/km,152 Wh/km,1.9 l/100km,1.7 l/100km,,,,,,,,455 km,216 kW (294 PS),430 Nm,200 Wh/km,280 Wh/km,236 Wh/km,137 Wh/km,222 Wh/km,177 Wh/km,91.0 kWh,,,,
19,Lucid Air Pure,Lucid,,,200 km/h,560 km,,,Rear,,Lithium-ion,No Data,800 V,88.0 kWh,No Data,No Data,No Data,560 km,157 Wh/km,0 g/km,1.8 l/100km,,,,,,169 Wh/km,217 Wh/km,189 Wh/km,111 Wh/km,164 Wh/km,135 Wh/km,88.0 kWh,,320 kW (435 PS),550 Nm,,,,,,,,,,4.2 sec,
20,Honda e Advance,Honda,"36,920",8.3 sec,145 km/h,,,,Rear,35.5 kWh,Lithium-ion,192,400 V,28.5 kWh,No Data,96s2p,355 V,,,0 g/km,,222 km,172 Wh/km,128 Wh/km,1.9 l/100km,1.4 l/100km,,,,,,,,170 km,113 kW (154 PS),315 Nm,173 Wh/km,238 Wh/km,204 Wh/km,112 Wh/km,184 Wh/km,146 Wh/km,,,,,
21,Lexus UX 300e,Lexus,"34,770",7.5 sec,160 km/h,,,,Front,,Lithium-ion,288,400 V,45.0 kWh,No Data,96s3p,355 V,,,0 g/km,,305 km,170 Wh/km,148 Wh/km,1.9 l/100km,1.7 l/100km,,,,,,,54.3 kWh,235 km,150 kW (204 PS),300 Nm,191 Wh/km,273 Wh/km,225 Wh/km,129 Wh/km,214 Wh/km,167 Wh/km,,,,,
22,Nissan Ariya 63kWh,Nissan,"46,145",7.5 sec,160 km/h,330 km,,,Front,66.0 kWh,Lithium-ion,No Data,400 V,,NCM,No Data,No Data,330 km,191 Wh/km,0 g/km,2.1 l/100km,359 km,185 Wh/km,175 Wh/km,2.1 l/100km,2.0 l/100km,188 Wh/km,268 Wh/km,225 Wh/km,129 Wh/km,210 Wh/km,168 Wh/km,,,160 kW (218 PS),300 Nm,,,,,,,63.0 kWh,,,,
23,Jaguar I-Pace EV400,Jaguar,"69,995",4.8 sec,200 km/h,380 km,,,AWD,90.0 kWh,Lithium-ion,108,400 V,,NCM622,No Data,400 V,380 km,223 Wh/km,0 g/km,2.5 l/100km,408 km,252 Wh/km,208 Wh/km,2.8 l/100km,2.3 l/100km,220 Wh/km,314 Wh/km,261 Wh/km,154 Wh/km,249 Wh/km,197 Wh/km,,,294 kW (400 PS),696 Nm,,,,,,,84.7 kWh,,,,
24,Lucid Air Grand Touring,Lucid,,3.0 sec,270 km/h,675 km,,,AWD,,Lithium-ion,6600,800 V,112.0 kWh,No Data,220s30p,800 V,675 km,166 Wh/km,0 g/km,1.9 l/100km,783 km,161 Wh/km,143 Wh/km,1.8 l/100km,1.6 l/100km,179 Wh/km,226 Wh/km,200 Wh/km,119 Wh/km,174 Wh/km,145 Wh/km,112.0 kWh,,597 kW (812 PS),1200 Nm,,,,,,,,,,,
25,Mercedes EQE AMG 43 4MATIC,Mercedes,,4.2 sec,210 km/h,485 km,,,AWD,,Lithium-ion,360,400 V,,NCM811,90s4p,328 V,485 km,187 Wh/km,0 g/km,2.1 l/100km,463 km,224 Wh/km,196 Wh/km,2.5 l/100km,2.2 l/100km,195 Wh/km,255 Wh/km,221 Wh/km,132 Wh/km,197 Wh/km,163 Wh/km,100.0 kWh,,350 kW (476 PS),858 Nm,,,,,,,90.6 kWh,,,,
26,Volkswagen ID.4 GTX,Volkswagen,"52,865",6.3 sec,180 km/h,400 km,,,AWD,82.0 kWh,Lithium-ion,288,400 V,,No Data,96s3p,No Data,400 km,193 Wh/km,0 g/km,2.2 l/100km,490 km,180 Wh/km,157 Wh/km,2.0 l/100km,1.8 l/100km,195 Wh/km,270 Wh/km,226 Wh/km,134 Wh/km,211 Wh/km,169 Wh/km,,,220 kW (299 PS),460 Nm,,,,,,,77.0 kWh,,,,
27,Mercedes EQS 500 4MATIC,Mercedes,,4.8 sec,210 km/h,605 km,,,AWD,,Lithium-ion,432,400 V,,NCM811,108s4p,396 V,605 km,178 Wh/km,0 g/km,2.0 l/100km,588 km,212 Wh/km,183 Wh/km,2.4 l/100km,2.1 l/100km,189 Wh/km,242 Wh/km,211 Wh/km,128 Wh/km,186 Wh/km,154 Wh/km,120.0 kWh,,330 kW (449 PS),855 Nm,,,,,,,107.8 kWh,,,,
28,Polestar 2 Long Range Dual Motor,Polestar,"52,950",4.5 sec,205 km/h,420 km,,,AWD,82.0 kWh,Lithium-ion,324,400 V,,NCM,108s3p,400 V,420 km,186 Wh/km,0 g/km,2.1 l/100km,551 km,No Data,142 Wh/km,No Data,1.6 l/100km,190 Wh/km,260 Wh/km,220 Wh/km,129 Wh/km,203 Wh/km,163 Wh/km,,,310 kW (421 PS),740 Nm,,,,,,,78.0 kWh,,,,
29,BMW i7 M70 xDrive,BMW,"175,000",3.7 sec,250 km/h,490 km,,,AWD,105.7 kWh,Lithium-ion,No Data,400 V,,No Data,No Data,376 V,490 km,208 Wh/km,0 g/km,2.3 l/100km,488 km,238 Wh/km,208 Wh/km,2.7 l/100km,2.3 l/100km,214 Wh/km,286 Wh/km,245 Wh/km,148 Wh/km,224 Wh/km,183 Wh/km,,,485 kW (659 PS),1100 Nm,,,,,,,101.7 kWh,,,,
30,XPENG P7 Wing Edition,XPENG,,4.1 sec,200 km/h,465 km,,,AWD,86.2 kWh,Lithium-ion,No Data,400 V,,NCM,No Data,No Data,465 km,178 Wh/km,0 g/km,2.0 l/100km,505 km,192 Wh/km,164 Wh/km,2.2 l/100km,1.8 l/100km,186 Wh/km,247 Wh/km,212 Wh/km,125 Wh/km,190 Wh/km,155 Wh/km,,,348 kW (473 PS),757 Nm,,,,,,,82.7 kWh,,,,
31,Volvo EX90 Twin Motor Performance,Volvo,"100,555",4.9 sec,180 km/h,440 km,,,AWD,111.0 kWh,Lithium-ion,204,400 V,,NMC,102s2p,No Data,440 km,243 Wh/km,0 g/km,2.7 l/100km,580 km,211 Wh/km,184 Wh/km,2.4 l/100km,2.1 l/100km,238 Wh/km,334 Wh/km,282 Wh/km,170 Wh/km,268 Wh/km,216 Wh/km,,,380 kW (517 PS),910 Nm,,,,,,,107.0 kWh,,,,
32,Mercedes EQE SUV 500 4MATIC,Mercedes,"108,760",4.9 sec,210 km/h,455 km,,,AWD,,Lithium-ion,360,400 V,,NCM811,90s4p,328 V,455 km,199 Wh/km,0 g/km,2.2 l/100km,460 km,227 Wh/km,197 Wh/km,2.6 l/100km,2.2 l/100km,204 Wh/km,275 Wh/km,235 Wh/km,139 Wh/km,216 Wh/km,176 Wh/km,100.0 kWh,,300 kW (408 PS),858 Nm,,,,,,,90.6 kWh,,,,
33,Volvo C40 Recharge Twin Motor,Volvo,"53,605",4.7 sec,180 km/h,400 km,,,AWD,82.0 kWh,Lithium-ion,324,400 V,,NCM,108s3p,400 V,400 km,198 Wh/km,0 g/km,2.2 l/100km,536 km,177 Wh/km,147 Wh/km,2.0 l/100km,1.7 l/100km,198 Wh/km,277 Wh/km,232 Wh/km,135 Wh/km,216 Wh/km,174 Wh/km,,,300 kW (408 PS),670 Nm,,,,,,,79.0 kWh,,,,
34,Mercedes EQS SUV 450+,Mercedes,,6.7 sec,210 km/h,500 km,,,Rear,,Lithium-ion,432,400 V,,NCM811,108s4p,396 V,500 km,217 Wh/km,0 g/km,2.4 l/100km,540 km,229 Wh/km,201 Wh/km,2.6 l/100km,2.3 l/100km,217 Wh/km,301 Wh/km,252 Wh/km,151 Wh/km,238 Wh/km,192 Wh/km,120.0 kWh,,265 kW (360 PS),568 Nm,,,,,,,108.4 kWh,,,,
35,NIO ET7 100 kWh,NIO,,3.8 sec,200 km/h,505 km,,,AWD,100.0 kWh,Lithium-ion,96,400 V,,NCM,96s1p,No Data,505 km,178 Wh/km,0 g/km,2.0 l/100km,505 km,218 Wh/km,178 Wh/km,2.4 l/100km,2.0 l/100km,189 Wh/km,243 Wh/km,212 Wh/km,128 Wh/km,188 Wh/km,155 Wh/km,,,480 kW (653 PS),850 Nm,,,,,,,90.0 kWh,,,,
36,Skoda Enyaq Coupe iV 80,Skoda,"44,770",8.7 sec,160 km/h,445 km,,,Rear,82.0 kWh,Lithium-ion,288,400 V,,NCM712,96s3p,350 V,445 km,173 Wh/km,0 g/km,1.9 l/100km,542 km,No Data,142 Wh/km,No Data,1.6 l/100km,179 Wh/km,241 Wh/km,205 Wh/km,119 Wh/km,186 Wh/km,150 Wh/km,,,150 kW (204 PS),310 Nm,,,,,,,77.0 kWh,,,,
37,XPENG G9 RWD Standard Range,XPENG,,6.4 sec,200 km/h,375 km,,,Rear,78.2 kWh,Lithium-ion,No Data,800 V,75.0 kWh,LFP,No Data,No Data,375 km,200 Wh/km,0 g/km,2.2 l/100km,460 km,194 Wh/km,163 Wh/km,2.2 l/100km,1.8 l/100km,200 Wh/km,278 Wh/km,234 Wh/km,138 Wh/km,221 Wh/km,176 Wh/km,,,230 kW (313 PS),430 Nm,,,,,,,,,,,
38,Kia EV9 99.8 kWh RWD,Kia,"60,000",9.4 sec,,460 km,,,Rear,,Lithium-ion,No Data,800 V,99.8 kWh,No Data,No Data,No Data,460 km,217 Wh/km,0 g/km,2.4 l/100km,541 km,No Data,184 Wh/km,No Data,2.1 l/100km,215 Wh/km,302 Wh/km,253 Wh/km,150 Wh/km,240 Wh/km,192 Wh/km,105.0 kWh,,150 kW (204 PS),350 Nm,,,,,,,,,,,180 km/h
39,NIO EL7 100 kWh,NIO,,3.9 sec,200 km/h,430 km,,,AWD,100.0 kWh,Lithium-ion,96,400 V,,NCM,96s1p,No Data,430 km,209 Wh/km,0 g/km,2.4 l/100km,486 km,227 Wh/km,185 Wh/km,2.6 l/100km,2.1 l/100km,209 Wh/km,290 Wh/km,247 Wh/km,146 Wh/km,231 Wh/km,186 Wh/km,,,480 kW (653 PS),850 Nm,,,,,,,90.0 kWh,,,,
0,Renault Megane E-Tech EV40 130hp,Renault,,10.0 sec,150 km/h,260 km,,,Front,43.3 kWh,Lithium-ion,192,400 V,,NCM,96s2p,352 V,260 km,154 Wh/km,0 g/km,1.7 l/100km,292 km,No Data,137 Wh/km,No Data,1.5 l/100km,157 Wh/km,216 Wh/km,186 Wh/km,103 Wh/km,167 Wh/km,133 Wh/km,,,96 kW (131 PS),250 Nm,,,,,,,40.0 kWh,,,,
1,Lucid Air Dream Edition P,Lucid,,2.7 sec,270 km/h,,,,AWD,,Lithium-ion,6600,800 V,118.0 kWh,No Data,220s30p,800 V,,,0 g/km,,799 km,166 Wh/km,148 Wh/km,1.9 l/100km,1.7 l/100km,,,,,,,118.0 kWh,685 km,828 kW (1126 PS),1390 Nm,184 Wh/km,234 Wh/km,205 Wh/km,123 Wh/km,180 Wh/km,149 Wh/km,,,,,
2,Renault Megane E-Tech EV60 130hp,Renault,,10.5 sec,150 km/h,380 km,,,Front,65.0 kWh,Lithium-ion,288,400 V,,NCM,96s3p,352 V,380 km,158 Wh/km,0 g/km,1.8 l/100km,448 km,No Data,134 Wh/km,No Data,1.5 l/100km,162 Wh/km,222 Wh/km,188 Wh/km,105 Wh/km,171 Wh/km,135 Wh/km,,,96 kW (131 PS),250 Nm,,,,,,,60.0 kWh,,,,
3,Maxus MIFA 9,Maxus,"64,306",9.2 sec,180 km/h,345 km,,,Front,,Lithium-ion,No Data,400 V,90.0 kWh,No Data,No Data,No Data,345 km,261 Wh/km,0 g/km,2.9 l/100km,430 km,213 Wh/km,209 Wh/km,2.4 l/100km,2.4 l/100km,247 Wh/km,367 Wh/km,300 Wh/km,176 Wh/km,300 Wh/km,234 Wh/km,93.0 kWh,,180 kW (245 PS),350 Nm,,,,,,,,,,,
4,Mercedes EQE 500 4MATIC,Mercedes,,4.7 sec,210 km/h,500 km,,,AWD,,Lithium-ion,360,400 V,,NCM811,90s4p,328 V,500 km,181 Wh/km,0 g/km,2.0 l/100km,505 km,209 Wh/km,179 Wh/km,2.3 l/100km,2.0 l/100km,191 Wh/km,248 Wh/km,216 Wh/km,129 Wh/km,193 Wh/km,159 Wh/km,100.0 kWh,,300 kW (408 PS),858 Nm,,,,,,,90.6 kWh,,,,
5,Mercedes EQA 350 4MATIC,Mercedes,"54,510",6.0 sec,160 km/h,,,,AWD,69.7 kWh,Lithium-ion,300,400 V,,No Data,100s3p,367 V,,,0 g/km,,411 km,185 Wh/km,162 Wh/km,2.1 l/100km,1.8 l/100km,,,,,,,,350 km,215 kW (292 PS),520 Nm,193 Wh/km,266 Wh/km,225 Wh/km,130 Wh/km,208 Wh/km,166 Wh/km,66.5 kWh,,,,
6,XPENG G9 RWD Long Range,XPENG,,6.4 sec,200 km/h,470 km,,,Rear,98.0 kWh,Lithium-ion,No Data,800 V,94.0 kWh,NCM,No Data,No Data,470 km,200 Wh/km,0 g/km,2.2 l/100km,570 km,194 Wh/km,165 Wh/km,2.2 l/100km,1.9 l/100km,200 Wh/km,281 Wh/km,235 Wh/km,137 Wh/km,219 Wh/km,176 Wh/km,,,230 kW (313 PS),430 Nm,,,,,,,,,,,
7,Skoda Enyaq iV 50,Skoda,,11.3 sec,160 km/h,295 km,,,Rear,55.0 kWh,Lithium-ion,192,400 V,,NCM712,96s2p,350 V,295 km,176 Wh/km,0 g/km,2.0 l/100km,340 km,No Data,153 Wh/km,No Data,1.7 l/100km,179 Wh/km,248 Wh/km,212 Wh/km,121 Wh/km,193 Wh/km,155 Wh/km,,,109 kW (148 PS),220 Nm,,,,,,,52.0 kWh,,,,
8,Volvo EX90 Twin Motor,Volvo,"96,255",5.9 sec,180 km/h,455 km,,,AWD,111.0 kWh,Lithium-ion,204,400 V,,NMC,102s2p,No Data,455 km,235 Wh/km,0 g/km,2.6 l/100km,585 km,209 Wh/km,183 Wh/km,2.3 l/100km,2.1 l/100km,233 Wh/km,324 Wh/km,274 Wh/km,165 Wh/km,258 Wh/km,208 Wh/km,,,300 kW (408 PS),770 Nm,,,,,,,107.0 kWh,,,,
9,Porsche Taycan 4 Cross Turismo,Porsche,"84,500",5.1 sec,220 km/h,420 km,,,AWD,93.4 kWh,Lithium-ion,396,800 V,,NCM712,198s2p,725 V,420 km,199 Wh/km,0 g/km,2.2 l/100km,389 km,264 Wh/km,215 Wh/km,3.0 l/100km,2.4 l/100km,204 Wh/km,274 Wh/km,236 Wh/km,140 Wh/km,215 Wh/km,174 Wh/km,,,350 kW (476 PS),500 Nm,,,,,,,83.7 kWh,,,,
10,Maserati GranTurismo Folgore,Maserati,"200,000",2.7 sec,320 km/h,425 km,,,AWD,92.5 kWh,Lithium-ion,No Data,800 V,,No Data,No Data,No Data,425 km,195 Wh/km,0 g/km,2.2 l/100km,,,,,,202 Wh/km,268 Wh/km,231 Wh/km,138 Wh/km,210 Wh/km,171 Wh/km,,,560 kW (761 PS),1350 Nm,,,,,,,83.0 kWh,,,,
11,ORA Funky Cat 63 kWh,ORA,,8.2 sec,160 km/h,340 km,,,Front,63.1 kWh,Lithium-ion,No Data,400 V,,NMC,No Data,No Data,340 km,174 Wh/km,0 g/km,2.0 l/100km,420 km,165 Wh/km,141 Wh/km,1.9 l/100km,1.6 l/100km,174 Wh/km,247 Wh/km,208 Wh/km,116 Wh/km,194 Wh/km,152 Wh/km,,,126 kW (171 PS),250 Nm,,,,,,,59.3 kWh,,,,
12,Kia EV6 Standard Range 2WD,Kia,,8.5 sec,185 km/h,305 km,,,Rear,58.0 kWh,Lithium-ion,288,800 V,54.0 kWh,No Data,144s2p,523 V,305 km,177 Wh/km,0 g/km,2.0 l/100km,394 km,166 Wh/km,137 Wh/km,1.9 l/100km,1.5 l/100km,180 Wh/km,251 Wh/km,212 Wh/km,120 Wh/km,193 Wh/km,154 Wh/km,,,125 kW (170 PS),350 Nm,,,,,,,,,,,
13,Volvo C40 Recharge Single Motor,Volvo,"48,355",7.3 sec,180 km/h,355 km,,,Rear,69.0 kWh,Lithium-ion,288,400 V,,NCM,96s3p,355 V,355 km,186 Wh/km,0 g/km,2.1 l/100km,466 km,169 Wh/km,142 Wh/km,1.9 l/100km,1.6 l/100km,186 Wh/km,264 Wh/km,220 Wh/km,127 Wh/km,206 Wh/km,163 Wh/km,,,175 kW (238 PS),420 Nm,,,,,,,66.0 kWh,,,,
14,Aiways U5,Aiways,,7.5 sec,,315 km,,,Front,,Lithium-ion,No Data,400 V,60.0 kWh,No Data,No Data,No Data,315 km,190 Wh/km,0 g/km,2.1 l/100km,384 km,174 Wh/km,156 Wh/km,2.0 l/100km,1.8 l/100km,188 Wh/km,267 Wh/km,222 Wh/km,128 Wh/km,211 Wh/km,167 Wh/km,63.0 kWh,,150 kW (204 PS),310 Nm,,,,,,,,,,,150 km/h
15,VinFast VF 9 Extended Range,VinFast,,6.5 sec,200 km/h,520 km,,,AWD,,Lithium-ion,No Data,400 V,,No Data,No Data,No Data,520 km,237 Wh/km,0 g/km,2.7 l/100km,580 km,No Data,212 Wh/km,No Data,2.4 l/100km,232 Wh/km,328 Wh/km,276 Wh/km,165 Wh/km,262 Wh/km,210 Wh/km,128.0 kWh,,300 kW (408 PS),620 Nm,,,,,,,123.0 kWh,,,,
16,Audi Q4 e-tron 45 quattro,Audi,,6.9 sec,180 km/h,385 km,,,AWD,82.0 kWh,Lithium-ion,288,400 V,,No Data,96s3p,No Data,385 km,199 Wh/km,0 g/km,2.2 l/100km,412 km,213 Wh/km,186 Wh/km,2.4 l/100km,2.1 l/100km,199 Wh/km,279 Wh/km,232 Wh/km,137 Wh/km,219 Wh/km,174 Wh/km,,,195 kW (265 PS),425 Nm,,,,,,,76.6 kWh,,,,
17,Mercedes EQE 350 4MATIC,Mercedes,,6.3 sec,210 km/h,500 km,,,AWD,,Lithium-ion,360,400 V,,NCM811,90s4p,328 V,500 km,181 Wh/km,0 g/km,2.0 l/100km,507 km,208 Wh/km,179 Wh/km,2.3 l/100km,2.0 l/100km,191 Wh/km,248 Wh/km,216 Wh/km,129 Wh/km,193 Wh/km,158 Wh/km,100.0 kWh,,215 kW (292 PS),765 Nm,,,,,,,90.6 kWh,,,,
18,Genesis GV60 Premium,Genesis,"53,905",7.8 sec,185 km/h,390 km,,,Rear,77.4 kWh,Lithium-ion,384,800 V,74.0 kWh,No Data,192s2p,697 V,390 km,190 Wh/km,0 g/km,2.1 l/100km,517 km,170 Wh/km,143 Wh/km,1.9 l/100km,1.6 l/100km,190 Wh/km,269 Wh/km,224 Wh/km,129 Wh/km,208 Wh/km,166 Wh/km,,,168 kW (228 PS),350 Nm,,,,,,,,,,,
19,Mercedes EQA 300 4MATIC,Mercedes,"53,010",7.7 sec,160 km/h,,,,AWD,69.7 kWh,Lithium-ion,300,400 V,,No Data,100s3p,367 V,,,0 g/km,,411 km,185 Wh/km,162 Wh/km,2.1 l/100km,1.8 l/100km,,,,,,,,350 km,168 kW (228 PS),390 Nm,193 Wh/km,266 Wh/km,225 Wh/km,130 Wh/km,208 Wh/km,166 Wh/km,66.5 kWh,,,,
20,SsangYong Korando e-Motion,SsangYong,"31,995",,156 km/h,290 km,,,Front,61.5 kWh,Lithium-ion,No Data,400 V,56.0 kWh,No Data,No Data,No Data,290 km,193 Wh/km,0 g/km,2.2 l/100km,339 km,168 Wh/km,165 Wh/km,1.9 l/100km,1.9 l/100km,190 Wh/km,273 Wh/km,224 Wh/km,129 Wh/km,211 Wh/km,167 Wh/km,,,140 kW (190 PS),360 Nm,,,,,,,,,,8.5 sec,
21,Porsche Taycan Plus,Porsche,"79,549",5.4 sec,230 km/h,,,,Rear,93.4 kWh,Lithium-ion,396,800 V,,NCM712,198s2p,725 V,,,0 g/km,,407 km,254 Wh/km,206 Wh/km,2.9 l/100km,2.3 l/100km,,,,,,,,475 km,350 kW (476 PS),357 Nm,186 Wh/km,243 Wh/km,209 Wh/km,125 Wh/km,186 Wh/km,154 Wh/km,83.7 kWh,,,,
22,Peugeot e-308 SW,Peugeot,"38,000",,,300 km,,,Front,54.0 kWh,Lithium-ion,No Data,400 V,,NMC811,No Data,400 V,400 km,127 Wh/km,0 g/km,1.4 l/100km,,,,,,172 Wh/km,236 Wh/km,199 Wh/km,114 Wh/km,185 Wh/km,147 Wh/km,,,115 kW (156 PS),260 Nm,,,,,,,50.8 kWh,No Data,No Data,9.0 sec,150 km/h
23,Seres 3,Seres,,8.9 sec,155 km/h,260 km,,,Front,53.6 kWh,Lithium-ion,288,400 V,51.0 kWh,No Data,96s3p,350 V,260 km,196 Wh/km,0 g/km,2.2 l/100km,310 km,191 Wh/km,165 Wh/km,2.1 l/100km,1.8 l/100km,192 Wh/km,283 Wh/km,232 Wh/km,132 Wh/km,222 Wh/km,173 Wh/km,,,120 kW (163 PS),300 Nm,,,,,,,,,,,
24,ORA Funky Cat 48 kWh,ORA,"31,995",8.3 sec,160 km/h,260 km,,,Front,47.8 kWh,Lithium-ion,No Data,400 V,,LFP,No Data,No Data,260 km,175 Wh/km,0 g/km,2.0 l/100km,310 km,167 Wh/km,146 Wh/km,1.9 l/100km,1.6 l/100km,175 Wh/km,252 Wh/km,206 Wh/km,116 Wh/km,193 Wh/km,154 Wh/km,,,126 kW (171 PS),250 Nm,,,,,,,45.4 kWh,,,,
25,Aiways U6,Aiways,,7.0 sec,,350 km,,,Front,,Lithium-ion,No Data,400 V,60.0 kWh,No Data,No Data,No Data,350 km,171 Wh/km,0 g/km,1.9 l/100km,400 km,159 Wh/km,150 Wh/km,1.8 l/100km,1.7 l/100km,174 Wh/km,240 Wh/km,203 Wh/km,117 Wh/km,188 Wh/km,150 Wh/km,63.0 kWh,,160 kW (218 PS),315 Nm,,,,,,,,,,,160 km/h
26,Hongqi E-HS9 84 kWh,Hongqi,,6.5 sec,200 km/h,305 km,,,AWD,84.0 kWh,Lithium-ion,No Data,400 V,,No Data,No Data,350 V,305 km,251 Wh/km,0 g/km,2.8 l/100km,396 km,216 Wh/km,193 Wh/km,2.4 l/100km,2.2 l/100km,239 Wh/km,348 Wh/km,289 Wh/km,172 Wh/km,283 Wh/km,225 Wh/km,,,320 kW (435 PS),600 Nm,,,,,,,76.5 kWh,,,,
27,Fiat 500e Hatchback 24 kWh,Fiat,"23,835",9.0 sec,135 km/h,135 km,,,Front,23.8 kWh,Lithium-ion,108,400 V,,No Data,108s1p,400 V,135 km,158 Wh/km,0 g/km,1.8 l/100km,190 km,130 Wh/km,112 Wh/km,1.5 l/100km,1.3 l/100km,158 Wh/km,224 Wh/km,185 Wh/km,101 Wh/km,170 Wh/km,133 Wh/km,,,70 kW (95 PS),220 Nm,,,,,,,21.3 kWh,,,,
28,Volkswagen ID.4 Pure Performance,Volkswagen,"40,275",9.0 sec,160 km/h,,,,Rear,55.0 kWh,Lithium-ion,192,400 V,,NCM712,96s2p,350 V,,,0 g/km,,341 km,170 Wh/km,152 Wh/km,1.9 l/100km,1.7 l/100km,,,,,,,,285 km,125 kW (170 PS),310 Nm,186 Wh/km,260 Wh/km,217 Wh/km,124 Wh/km,200 Wh/km,160 Wh/km,52.0 kWh,,,,
29,Audi Q8 e-tron Sportback 50 quattro,Audi,"70,300",6.0 sec,200 km/h,445 km,,,AWD,95.0 kWh,Lithium-ion,No Data,400 V,,No Data,No Data,No Data,445 km,200 Wh/km,0 g/km,2.2 l/100km,415 km,237 Wh/km,214 Wh/km,2.7 l/100km,2.4 l/100km,207 Wh/km,274 Wh/km,237 Wh/km,141 Wh/km,214 Wh/km,176 Wh/km,,,250 kW (340 PS),664 Nm,,,,,,,89.0 kWh,,,,
30,Mercedes EQE AMG 53 4MATIC+,Mercedes,"114,750",3.5 sec,220 km/h,480 km,,,AWD,,Lithium-ion,360,400 V,,NCM811,90s4p,328 V,480 km,189 Wh/km,0 g/km,2.1 l/100km,459 km,226 Wh/km,197 Wh/km,2.5 l/100km,2.2 l/100km,197 Wh/km,259 Wh/km,224 Wh/km,134 Wh/km,201 Wh/km,166 Wh/km,100.0 kWh,,460 kW (625 PS),950 Nm,,,,,,,90.6 kWh,,,,
31,Volvo C40 Recharge Single Motor ER,Volvo,,7.3 sec,180 km/h,420 km,,,Rear,82.0 kWh,Lithium-ion,324,400 V,,NCM,108s3p,400 V,420 km,188 Wh/km,0 g/km,2.1 l/100km,566 km,167 Wh/km,140 Wh/km,1.9 l/100km,1.6 l/100km,188 Wh/km,268 Wh/km,223 Wh/km,128 Wh/km,208 Wh/km,166 Wh/km,,,185 kW (252 PS),420 Nm,,,,,,,79.0 kWh,,,,
32,Ford Mustang Mach-E ER AWD,Ford,"65,405",5.8 sec,180 km/h,,,,AWD,98.7 kWh,Lithium-ion,376,400 V,,No Data,94s4p,No Data,,,0 g/km,,550 km,188 Wh/km,165 Wh/km,2.1 l/100km,1.9 l/100km,,,,,,,,440 km,258 kW (351 PS),580 Nm,204 Wh/km,289 Wh/km,243 Wh/km,142 Wh/km,228 Wh/km,182 Wh/km,91.0 kWh,,,,
33,ORA Funky Cat GT,ORA,,8.2 sec,160 km/h,330 km,,,Front,63.1 kWh,Lithium-ion,No Data,400 V,,NMC,No Data,No Data,330 km,180 Wh/km,0 g/km,2.0 l/100km,400 km,168 Wh/km,148 Wh/km,1.9 l/100km,1.7 l/100km,177 Wh/km,258 Wh/km,212 Wh/km,120 Wh/km,201 Wh/km,158 Wh/km,,,126 kW (171 PS),250 Nm,,,,,,,59.3 kWh,,,,
34,Opel Astra Sports Tourer Electric,Opel,"37,000",,170 km/h,300 km,,,Front,54.0 kWh,Lithium-ion,102,400 V,,NMC811,102s1p,377 V,300 km,169 Wh/km,0 g/km,1.9 l/100km,416 km,149 Wh/km,122 Wh/km,1.7 l/100km,1.4 l/100km,172 Wh/km,236 Wh/km,199 Wh/km,114 Wh/km,185 Wh/km,147 Wh/km,,,115 kW (156 PS),270 Nm,,,,,,,50.8 kWh,,,8.5 sec,
35,MG MG5 Electric Standard Range,MG,,7.7 sec,185 km/h,265 km,,,Front,50.3 kWh,Lithium-ion,No Data,400 V,46.0 kWh,LFP,No Data,No Data,265 km,174 Wh/km,0 g/km,2.0 l/100km,310 km,184 Wh/km,148 Wh/km,2.1 l/100km,1.7 l/100km,174 Wh/km,242 Wh/km,204 Wh/km,115 Wh/km,192 Wh/km,151 Wh/km,,,130 kW (177 PS),280 Nm,,,,,,,,,,,
36,Skoda Enyaq iV RS,Skoda,,6.2 sec,180 km/h,390 km,,460 Nm,AWD,82.0 kWh,Lithium-ion,288,400 V,,No Data,96s3p,No Data,460 km,167 Wh/km,0 g/km,1.9 l/100km,,,,,,200 Wh/km,275 Wh/km,233 Wh/km,138 Wh/km,217 Wh/km,175 Wh/km,,,220 kW (299 PS),,,,,,,,77.0 kWh,No Data,No Data,,
37,Ford Mustang Mach-E GT,Ford,"74,540",4.4 sec,200 km/h,,,,AWD,98.7 kWh,Lithium-ion,376,400 V,,No Data,94s4p,No Data,,,0 g/km,,490 km,212 Wh/km,186 Wh/km,2.4 l/100km,2.1 l/100km,,,,,,,,425 km,358 kW (487 PS),860 Nm,212 Wh/km,298 Wh/km,249 Wh/km,148 Wh/km,236 Wh/km,190 Wh/km,91.0 kWh,,,,
38,Audi Q4 Sportback e-tron 40,Audi,"51,430",8.5 sec,160 km/h,425 km,,,Rear,82.0 kWh,Lithium-ion,288,400 V,,No Data,96s3p,No Data,425 km,180 Wh/km,0 g/km,2.0 l/100km,460 km,196 Wh/km,167 Wh/km,2.2 l/100km,1.9 l/100km,185 Wh/km,251 Wh/km,213 Wh/km,125 Wh/km,196 Wh/km,158 Wh/km,,,150 kW (204 PS),310 Nm,,,,,,,76.6 kWh,,,,
39,Maserati Grecale Folgore,Maserati,"135,000",4.1 sec,220 km/h,405 km,,,AWD,105.0 kWh,Lithium-ion,No Data,400 V,95.0 kWh,No Data,No Data,No Data,500 km,190 Wh/km,0 g/km,2.1 l/100km,,,,,,232 Wh/km,328 Wh/km,275 Wh/km,164 Wh/km,260 Wh/km,209 Wh/km,,,410 kW (557 PS),820 Nm,,,,,,,,No Data,No Data,,
0,Mercedes EQS 450 4MATIC,Mercedes,,5.6 sec,210 km/h,615 km,,,AWD,,Lithium-ion,432,400 V,,NCM811,108s4p,396 V,615 km,175 Wh/km,0 g/km,2.0 l/100km,631 km,212 Wh/km,171 Wh/km,2.4 l/100km,1.9 l/100km,187 Wh/km,240 Wh/km,209 Wh/km,126 Wh/km,184 Wh/km,153 Wh/km,120.0 kWh,,265 kW (360 PS),800 Nm,,,,,,,107.8 kWh,,,,
1,Renault Kangoo E-Tech Electric,Renault,,12.6 sec,132 km/h,215 km,,,Front,45.0 kWh,Lithium-ion,No Data,400 V,,No Data,No Data,No Data,215 km,205 Wh/km,0 g/km,2.3 l/100km,285 km,192 Wh/km,154 Wh/km,2.2 l/100km,1.7 l/100km,200 Wh/km,293 Wh/km,238 Wh/km,138 Wh/km,232 Wh/km,180 Wh/km,,,51 kW (69 PS),245 Nm,,,,,,,44.0 kWh,,,,
2,Ford Mustang Mach-E SR RWD,Ford,"50,830",6.9 sec,180 km/h,,,,Rear,75.7 kWh,Lithium-ion,288,400 V,,No Data,96s3p,No Data,,,0 g/km,,440 km,172 Wh/km,159 Wh/km,1.9 l/100km,1.8 l/100km,,,,,,,,355 km,198 kW (269 PS),430 Nm,194 Wh/km,275 Wh/km,230 Wh/km,133 Wh/km,219 Wh/km,173 Wh/km,70.0 kWh,,,,
3,DS 3 E-Tense,DS,"37,200",9.0 sec,150 km/h,300 km,,,Front,54.0 kWh,Lithium-ion,102,400 V,,NMC811,102s1p,377 V,300 km,169 Wh/km,0 g/km,1.9 l/100km,396 km,156 Wh/km,128 Wh/km,1.8 l/100km,1.4 l/100km,169 Wh/km,242 Wh/km,199 Wh/km,113 Wh/km,185 Wh/km,147 Wh/km,,,115 kW (156 PS),260 Nm,,,,,,,50.8 kWh,,,,
4,Genesis G80 Electrified Luxury,Genesis,"69,805",4.9 sec,225 km/h,440 km,,,AWD,87.2 kWh,Lithium-ion,No Data,800 V,82.5 kWh,No Data,No Data,No Data,440 km,188 Wh/km,0 g/km,2.1 l/100km,520 km,191 Wh/km,159 Wh/km,2.1 l/100km,1.8 l/100km,194 Wh/km,258 Wh/km,223 Wh/km,131 Wh/km,201 Wh/km,163 Wh/km,,,272 kW (370 PS),700 Nm,,,,,,,,,,,
5,Hyundai Kona Electric 48 kWh,Hyundai,"35,000",,,300 km,,,Front,,Lithium-ion,No Data,400 V,,No Data,No Data,No Data,300 km,161 Wh/km,0 g/km,1.8 l/100km,342 km,151 Wh/km,142 Wh/km,1.7 l/100km,1.6 l/100km,164 Wh/km,230 Wh/km,194 Wh/km,108 Wh/km,176 Wh/km,138 Wh/km,51.0 kWh,,115 kW (156 PS),255 Nm,,,,,,,48.4 kWh,,,10.0 sec,155 km/h
6,Porsche Taycan 4S Plus,Porsche,"90,406",4.0 sec,250 km/h,,,,AWD,93.4 kWh,Lithium-ion,396,800 V,,NCM712,198s2p,725 V,,,0 g/km,,389 km,260 Wh/km,215 Wh/km,2.9 l/100km,2.4 l/100km,,,,,,,,460 km,420 kW (571 PS),650 Nm,192 Wh/km,250 Wh/km,217 Wh/km,130 Wh/km,192 Wh/km,159 Wh/km,83.7 kWh,,,,
7,Mercedes EQS SUV 450 4MATIC,Mercedes,"129,170",6.0 sec,210 km/h,490 km,,,AWD,,Lithium-ion,432,400 V,,NCM811,108s4p,396 V,490 km,221 Wh/km,0 g/km,2.5 l/100km,511 km,243 Wh/km,212 Wh/km,2.7 l/100km,2.4 l/100km,221 Wh/km,310 Wh/km,261 Wh/km,156 Wh/km,244 Wh/km,197 Wh/km,120.0 kWh,,265 kW (360 PS),800 Nm,,,,,,,108.4 kWh,,,,
8,Lotus Eletre R,Lotus,"120,000",2.9 sec,260 km/h,450 km,,,AWD,,Lithium-ion,No Data,800 V,107.0 kWh,No Data,No Data,No Data,500 km,214 Wh/km,0 g/km,2.4 l/100km,,,,,,238 Wh/km,329 Wh/km,278 Wh/km,169 Wh/km,264 Wh/km,212 Wh/km,112.0 kWh,,675 kW (918 PS),985 Nm,,,,,,,,No Data,No Data,,
9,Polestar 3 Long Range Performance,Polestar,"85,500",4.7 sec,210 km/h,470 km,,,AWD,111.0 kWh,Lithium-ion,204,400 V,,NMC,102s2p,No Data,560 km,191 Wh/km,0 g/km,2.1 l/100km,,,,,,228 Wh/km,315 Wh/km,268 Wh/km,160 Wh/km,252 Wh/km,202 Wh/km,,,380 kW (517 PS),910 Nm,,,,,,,107.0 kWh,No Data,No Data,,
10,Citroen e-Berlingo M 50 kWh,Citroen,"31,495",11.7 sec,135 km/h,205 km,,,Front,50.0 kWh,Lithium-ion,216,400 V,,No Data,108s2p,400 V,205 km,226 Wh/km,0 g/km,2.5 l/100km,279 km,197 Wh/km,166 Wh/km,2.2 l/100km,1.9 l/100km,210 Wh/km,319 Wh/km,257 Wh/km,147 Wh/km,257 Wh/km,197 Wh/km,,,100 kW (136 PS),260 Nm,,,,,,,46.3 kWh,,,,
11,Mercedes EQE SUV 350 4MATIC,Mercedes,"90,560",6.6 sec,210 km/h,455 km,,,AWD,,Lithium-ion,360,400 V,,NCM811,90s4p,328 V,455 km,199 Wh/km,0 g/km,2.2 l/100km,459 km,225 Wh/km,197 Wh/km,2.5 l/100km,2.2 l/100km,204 Wh/km,275 Wh/km,235 Wh/km,140 Wh/km,216 Wh/km,176 Wh/km,100.0 kWh,,215 kW (292 PS),765 Nm,,,,,,,90.6 kWh,,,,
12,Volkswagen ID.4 Pro 4MOTION,Volkswagen,,6.9 sec,180 km/h,405 km,,,AWD,82.0 kWh,Lithium-ion,288,400 V,,No Data,96s3p,No Data,405 km,190 Wh/km,0 g/km,2.1 l/100km,515 km,No Data,150 Wh/km,No Data,1.7 l/100km,193 Wh/km,266 Wh/km,226 Wh/km,132 Wh/km,208 Wh/km,167 Wh/km,,,195 kW (265 PS),425 Nm,,,,,,,77.0 kWh,,,,
13,Kia e-Soul 64 kWh,Kia,"39,045",7.9 sec,167 km/h,,,,Front,,Lithium-ion,294,400 V,,NCM622,98s3p,356 V,,,0 g/km,,452 km,157 Wh/km,142 Wh/km,1.8 l/100km,1.6 l/100km,,,,,,,67.5 kWh,370 km,150 kW (204 PS),395 Nm,175 Wh/km,246 Wh/km,206 Wh/km,116 Wh/km,191 Wh/km,152 Wh/km,64.0 kWh,,,,
14,XPENG G9 AWD Long Range,XPENG,,3.9 sec,200 km/h,440 km,,,AWD,98.0 kWh,Lithium-ion,No Data,800 V,94.0 kWh,NCM,No Data,No Data,440 km,214 Wh/km,0 g/km,2.4 l/100km,520 km,213 Wh/km,181 Wh/km,2.4 l/100km,2.0 l/100km,214 Wh/km,298 Wh/km,251 Wh/km,148 Wh/km,235 Wh/km,188 Wh/km,,,405 kW (551 PS),717 Nm,,,,,,,,,,,
15,Porsche Taycan Turbo,Porsche,"119,900",3.2 sec,260 km/h,,,,AWD,93.4 kWh,Lithium-ion,396,800 V,,NCM712,198s2p,725 V,,,0 g/km,,383 km,266 Wh/km,219 Wh/km,3.0 l/100km,2.5 l/100km,,,,,,,,415 km,500 kW (680 PS),850 Nm,209 Wh/km,274 Wh/km,239 Wh/km,144 Wh/km,217 Wh/km,178 Wh/km,83.7 kWh,,,,
16,Fiat 500e 3+1 42 kWh,Fiat,,9.0 sec,150 km/h,235 km,,,Front,42.0 kWh,Lithium-ion,192,400 V,,No Data,96s2p,355 V,235 km,159 Wh/km,0 g/km,1.8 l/100km,305 km,147 Wh/km,122 Wh/km,1.7 l/100km,1.4 l/100km,162 Wh/km,226 Wh/km,191 Wh/km,107 Wh/km,178 Wh/km,138 Wh/km,,,87 kW (118 PS),220 Nm,,,,,,,37.3 kWh,,,,
17,Nissan Ariya e-4ORCE 87kWh - 225 kW,Nissan,"54,595",5.7 sec,200 km/h,420 km,,,AWD,91.0 kWh,Lithium-ion,No Data,400 V,,NCM,No Data,No Data,420 km,207 Wh/km,0 g/km,2.3 l/100km,459 km,No Data,190 Wh/km,No Data,2.1 l/100km,205 Wh/km,290 Wh/km,242 Wh/km,143 Wh/km,229 Wh/km,181 Wh/km,,,225 kW (306 PS),600 Nm,,,,,,,87.0 kWh,,,,
18,Porsche Taycan GTS,Porsche,"106,000",3.7 sec,250 km/h,450 km,,,AWD,93.4 kWh,Lithium-ion,396,800 V,,NCM712,198s2p,725 V,450 km,186 Wh/km,0 g/km,2.1 l/100km,439 km,233 Wh/km,191 Wh/km,2.6 l/100km,2.1 l/100km,195 Wh/km,254 Wh/km,220 Wh/km,133 Wh/km,195 Wh/km,163 Wh/km,,,440 kW (598 PS),850 Nm,,,,,,,83.7 kWh,,,,
19,Mercedes EQE 300,Mercedes,,7.3 sec,210 km/h,515 km,,,Rear,,Lithium-ion,No Data,400 V,,No Data,No Data,No Data,515 km,173 Wh/km,0 g/km,1.9 l/100km,532 km,195 Wh/km,167 Wh/km,2.2 l/100km,1.9 l/100km,184 Wh/km,237 Wh/km,207 Wh/km,122 Wh/km,182 Wh/km,150 Wh/km,98.0 kWh,,180 kW (245 PS),550 Nm,,,,,,,89.0 kWh,,,,
20,Mercedes EQB 250+,Mercedes,,8.9 sec,160 km/h,,,,Front,,Lithium-ion,No Data,400 V,,No Data,No Data,No Data,,,0 g/km,,452 km,181 Wh/km,156 Wh/km,2.0 l/100km,1.8 l/100km,,,,,,,73.9 kWh,410 km,140 kW (190 PS),385 Nm,176 Wh/km,243 Wh/km,204 Wh/km,118 Wh/km,188 Wh/km,150 Wh/km,70.5 kWh,,,,
21,Smart EQ fortwo cabrio,Smart,"24,645",11.9 sec,130 km/h,,,,Rear,17.6 kWh,Lithium-ion,No Data,400 V,16.7 kWh,No Data,No Data,No Data,,,0 g/km,,130 km,165 Wh/km,128 Wh/km,1.9 l/100km,1.4 l/100km,,,,,,,,95 km,60 kW (82 PS),160 Nm,167 Wh/km,257 Wh/km,209 Wh/km,111 Wh/km,196 Wh/km,152 Wh/km,,,,,
22,Toyota Proace City Verso Electric L1 50 kWh,Toyota,,11.2 sec,135 km/h,210 km,,,Front,50.0 kWh,Lithium-ion,216,400 V,,No Data,108s2p,400 V,210 km,220 Wh/km,0 g/km,2.5 l/100km,269 km,211 Wh/km,172 Wh/km,2.4 l/100km,1.9 l/100km,210 Wh/km,319 Wh/km,257 Wh/km,147 Wh/km,250 Wh/km,197 Wh/km,,,100 kW (136 PS),260 Nm,,,,,,,46.3 kWh,,,,
23,Polestar 2 Long Range Performance,Polestar,"57,950",4.2 sec,205 km/h,410 km,,,AWD,82.0 kWh,Lithium-ion,324,400 V,,NCM,108s3p,400 V,410 km,190 Wh/km,0 g/km,2.1 l/100km,551 km,No Data,142 Wh/km,No Data,1.6 l/100km,195 Wh/km,264 Wh/km,226 Wh/km,132 Wh/km,208 Wh/km,168 Wh/km,,,350 kW (476 PS),740 Nm,,,,,,,78.0 kWh,,,,
24,Audi Q4 Sportback e-tron 50 quattro,Audi,"57,810",6.2 sec,180 km/h,400 km,,,AWD,82.0 kWh,Lithium-ion,288,400 V,,No Data,96s3p,No Data,400 km,192 Wh/km,0 g/km,2.2 l/100km,418 km,209 Wh/km,183 Wh/km,2.3 l/100km,2.1 l/100km,194 Wh/km,264 Wh/km,225 Wh/km,132 Wh/km,207 Wh/km,167 Wh/km,,,220 kW (299 PS),460 Nm,,,,,,,76.6 kWh,,,,
25,CUPRA Born 170 kW - 58 kWh,CUPRA,"39,205",6.6 sec,160 km/h,345 km,,,Rear,62.0 kWh,Lithium-ion,216,400 V,,No Data,108s2p,400 V,345 km,168 Wh/km,0 g/km,1.9 l/100km,361 km,180 Wh/km,161 Wh/km,2.0 l/100km,1.8 l/100km,173 Wh/km,237 Wh/km,200 Wh/km,114 Wh/km,181 Wh/km,145 Wh/km,,,170 kW (231 PS),310 Nm,,,,,,,58.0 kWh,,,,
26,VinFast VF 8 Plus Standard Range,VinFast,,5.5 sec,200 km/h,400 km,,,AWD,,Lithium-ion,No Data,400 V,,No Data,No Data,No Data,400 km,205 Wh/km,0 g/km,2.3 l/100km,400 km,No Data,205 Wh/km,No Data,2.3 l/100km,202 Wh/km,288 Wh/km,241 Wh/km,139 Wh/km,228 Wh/km,180 Wh/km,84.0 kWh,,300 kW (408 PS),620 Nm,,,,,,,82.0 kWh,,,,
27,Genesis GV60 Sport,Genesis,"58,365",5.5 sec,200 km/h,380 km,,,AWD,77.4 kWh,Lithium-ion,384,800 V,74.0 kWh,No Data,192s2p,697 V,380 km,195 Wh/km,0 g/km,2.2 l/100km,470 km,188 Wh/km,157 Wh/km,2.1 l/100km,1.8 l/100km,195 Wh/km,274 Wh/km,228 Wh/km,133 Wh/km,214 Wh/km,170 Wh/km,,,234 kW (318 PS),605 Nm,,,,,,,,,,,
28,Mercedes EQE 350,Mercedes,"77,345",6.4 sec,210 km/h,510 km,,,Rear,,Lithium-ion,No Data,400 V,,No Data,No Data,No Data,510 km,175 Wh/km,0 g/km,2.0 l/100km,550 km,188 Wh/km,162 Wh/km,2.1 l/100km,1.8 l/100km,184 Wh/km,237 Wh/km,207 Wh/km,123 Wh/km,184 Wh/km,151 Wh/km,98.0 kWh,,215 kW (292 PS),565 Nm,,,,,,,89.0 kWh,,,,
29,Audi SQ8 e-tron Sportback,Audi,"100,000",4.5 sec,210 km/h,480 km,,,AWD,114.0 kWh,Lithium-ion,432,400 V,,NCA,108s4p,397 V,480 km,221 Wh/km,0 g/km,2.5 l/100km,427 km,282 Wh/km,248 Wh/km,3.2 l/100km,2.8 l/100km,221 Wh/km,303 Wh/km,259 Wh/km,155 Wh/km,238 Wh/km,194 Wh/km,,,370 kW (503 PS),973 Nm,,,,,,,106.0 kWh,,,,
30,Mercedes EQE SUV AMG 53 4MATIC+,Mercedes,"120,000",3.5 sec,240 km/h,425 km,,,AWD,,Lithium-ion,360,400 V,,NCM811,90s4p,328 V,425 km,213 Wh/km,0 g/km,2.4 l/100km,375 km,278 Wh/km,242 Wh/km,3.1 l/100km,2.7 l/100km,216 Wh/km,292 Wh/km,248 Wh/km,150 Wh/km,229 Wh/km,187 Wh/km,100.0 kWh,,460 kW (625 PS),1000 Nm,,,,,,,90.6 kWh,,,,
31,Audi Q4 Sportback e-tron 35,Audi,"46,190",9.0 sec,160 km/h,295 km,,,Rear,55.0 kWh,Lithium-ion,192,400 V,,No Data,96s2p,No Data,295 km,176 Wh/km,0 g/km,2.0 l/100km,313 km,187 Wh/km,166 Wh/km,2.1 l/100km,1.9 l/100km,179 Wh/km,248 Wh/km,208 Wh/km,120 Wh/km,193 Wh/km,153 Wh/km,,,125 kW (170 PS),310 Nm,,,,,,,52.0 kWh,,,,
32,Skoda Enyaq Coupe iV 60,Skoda,,8.8 sec,160 km/h,335 km,,,Rear,62.0 kWh,Lithium-ion,216,400 V,,NCM712,108s2p,400 V,335 km,173 Wh/km,0 g/km,1.9 l/100km,396 km,No Data,146 Wh/km,No Data,1.6 l/100km,181 Wh/km,242 Wh/km,207 Wh/km,121 Wh/km,187 Wh/km,151 Wh/km,,,132 kW (179 PS),310 Nm,,,,,,,58.0 kWh,,,,
33,Lucid Air Touring,Lucid,,3.2 sec,250 km/h,550 km,,,AWD,,Lithium-ion,No Data,800 V,88.0 kWh,No Data,No Data,No Data,550 km,160 Wh/km,0 g/km,1.8 l/100km,,,,,,171 Wh/km,220 Wh/km,191 Wh/km,112 Wh/km,166 Wh/km,138 Wh/km,88.0 kWh,,462 kW (628 PS),No Data,,,,,,,,,,,
34,Fiat 500e Cabrio 42 kWh,Fiat,"33,645",9.0 sec,150 km/h,230 km,,,Front,42.0 kWh,Lithium-ion,192,400 V,,No Data,96s2p,355 V,230 km,162 Wh/km,0 g/km,1.8 l/100km,298 km,148 Wh/km,125 Wh/km,1.7 l/100km,1.4 l/100km,166 Wh/km,233 Wh/km,196 Wh/km,108 Wh/km,182 Wh/km,141 Wh/km,,,87 kW (118 PS),220 Nm,,,,,,,37.3 kWh,,,,
35,VinFast VF 9 Standard Range,VinFast,,6.5 sec,200 km/h,400 km,,,AWD,,Lithium-ion,No Data,400 V,,No Data,No Data,No Data,400 km,230 Wh/km,0 g/km,2.6 l/100km,423 km,No Data,217 Wh/km,No Data,2.4 l/100km,224 Wh/km,317 Wh/km,267 Wh/km,159 Wh/km,256 Wh/km,204 Wh/km,95.0 kWh,,300 kW (408 PS),620 Nm,,,,,,,92.0 kWh,,,,
36,Mercedes EQE AMG 53 4MATIC+,Mercedes,,3.5 sec,220 km/h,475 km,,,AWD,,Lithium-ion,360,400 V,,NCM811,90s4p,328 V,475 km,191 Wh/km,0 g/km,2.1 l/100km,442 km,229 Wh/km,205 Wh/km,2.6 l/100km,2.3 l/100km,197 Wh/km,259 Wh/km,227 Wh/km,135 Wh/km,204 Wh/km,166 Wh/km,100.0 kWh,,460 kW (625 PS),950 Nm,,,,,,,90.6 kWh,,,,
37,Ford Mustang Mach-E SR AWD,Ford,,6.3 sec,180 km/h,,,,AWD,75.7 kWh,Lithium-ion,288,400 V,,No Data,96s3p,No Data,,,0 g/km,,400 km,195 Wh/km,175 Wh/km,2.2 l/100km,2.0 l/100km,,,,,,,,345 km,198 kW (269 PS),580 Nm,200 Wh/km,280 Wh/km,237 Wh/km,139 Wh/km,222 Wh/km,177 Wh/km,70.0 kWh,,,,
38,Peugeot e-Rifter Long 50 kWh,Peugeot,"34,300",11.7 sec,135 km/h,200 km,,,Front,50.0 kWh,Lithium-ion,216,400 V,,No Data,108s2p,400 V,200 km,232 Wh/km,0 g/km,2.6 l/100km,269 km,210 Wh/km,172 Wh/km,2.4 l/100km,1.9 l/100km,220 Wh/km,331 Wh/km,272 Wh/km,154 Wh/km,265 Wh/km,206 Wh/km,,,100 kW (136 PS),260 Nm,,,,,,,46.3 kWh,,,,
39,Nissan Ariya e-4ORCE 87kWh - 290 kW,Nissan,,5.1 sec,200 km/h,420 km,,,AWD,91.0 kWh,Lithium-ion,No Data,400 V,,NCM,No Data,No Data,420 km,207 Wh/km,0 g/km,2.3 l/100km,498 km,No Data,175 Wh/km,No Data,2.0 l/100km,207 Wh/km,290 Wh/km,245 Wh/km,143 Wh/km,229 Wh/km,183 Wh/km,,,290 kW (394 PS),600 Nm,,,,,,,87.0 kWh,,,,
0,XPENG P7 AWD Performance,XPENG,,4.1 sec,200 km/h,470 km,,,AWD,86.2 kWh,Lithium-ion,No Data,400 V,,NCM,No Data,No Data,470 km,176 Wh/km,0 g/km,2.0 l/100km,505 km,192 Wh/km,164 Wh/km,2.2 l/100km,1.8 l/100km,184 Wh/km,243 Wh/km,209 Wh/km,123 Wh/km,188 Wh/km,155 Wh/km,,,348 kW (473 PS),757 Nm,,,,,,,82.7 kWh,,,,
1,Mini Cooper SE Convertible,Mini,"52,500",8.2 sec,,170 km,,,Front,32.6 kWh,Lithium-ion,No Data,400 V,,No Data,No Data,No Data,170 km,170 Wh/km,0 g/km,1.9 l/100km,201 km,172 Wh/km,144 Wh/km,1.9 l/100km,1.6 l/100km,170 Wh/km,241 Wh/km,206 Wh/km,113 Wh/km,193 Wh/km,148 Wh/km,,,135 kW (184 PS),270 Nm,,,,,,,28.9 kWh,,,,150 km/h
2,Toyota PROACE Verso M 75 kWh,Toyota,,13.1 sec,130 km/h,265 km,,,Front,,Lithium-ion,324,400 V,68.0 kWh,No Data,108s3p,400 V,265 km,257 Wh/km,0 g/km,2.9 l/100km,314 km,280 Wh/km,217 Wh/km,3.1 l/100km,2.4 l/100km,239 Wh/km,368 Wh/km,296 Wh/km,172 Wh/km,296 Wh/km,231 Wh/km,75.0 kWh,,100 kW (136 PS),260 Nm,,,,,,,,,,,
3,Mercedes eVito Tourer Long 90 kWh,Mercedes,"68,352",,160 km/h,310 km,,,Front,100.0 kWh,Lithium-ion,288,400 V,,No Data,96s3p,352 V,310 km,290 Wh/km,0 g/km,3.3 l/100km,332 km,284 Wh/km,271 Wh/km,3.2 l/100km,3.0 l/100km,273 Wh/km,409 Wh/km,333 Wh/km,198 Wh/km,340 Wh/km,265 Wh/km,,,150 kW (204 PS),366 Nm,,,,,,,90.0 kWh,,,12.0 sec,
4,Mercedes EQS SUV 500 4MATIC,Mercedes,,5.2 sec,210 km/h,490 km,,,AWD,,Lithium-ion,432,400 V,,NCM811,108s4p,396 V,490 km,221 Wh/km,0 g/km,2.5 l/100km,511 km,243 Wh/km,212 Wh/km,2.7 l/100km,2.4 l/100km,221 Wh/km,310 Wh/km,261 Wh/km,156 Wh/km,244 Wh/km,197 Wh/km,120.0 kWh,,330 kW (449 PS),828 Nm,,,,,,,108.4 kWh,,,,
5,Opel Vivaro-e Combi M 75 kWh,Opel,,13.3 sec,130 km/h,265 km,,,Front,,Lithium-ion,324,400 V,68.0 kWh,No Data,108s3p,400 V,265 km,257 Wh/km,0 g/km,2.9 l/100km,330 km,No Data,206 Wh/km,No Data,2.3 l/100km,239 Wh/km,368 Wh/km,296 Wh/km,172 Wh/km,296 Wh/km,231 Wh/km,75.0 kWh,,100 kW (136 PS),260 Nm,,,,,,,,,,,
6,Skoda Enyaq Coupe iV 80x,Skoda,"52,450",7.0 sec,160 km/h,430 km,,,AWD,82.0 kWh,Lithium-ion,288,400 V,,No Data,96s3p,No Data,430 km,179 Wh/km,0 g/km,2.0 l/100km,,,,,,186 Wh/km,248 Wh/km,214 Wh/km,124 Wh/km,193 Wh/km,156 Wh/km,,,195 kW (265 PS),425 Nm,,,,,,,77.0 kWh,,,,
7,Peugeot e-Expert Combi Standard 75 kWh,Peugeot,,14.3 sec,130 km/h,265 km,,,Front,,Lithium-ion,324,400 V,68.0 kWh,No Data,108s3p,400 V,265 km,257 Wh/km,0 g/km,2.9 l/100km,315 km,268 Wh/km,216 Wh/km,3.0 l/100km,2.4 l/100km,239 Wh/km,368 Wh/km,296 Wh/km,172 Wh/km,296 Wh/km,231 Wh/km,75.0 kWh,,100 kW (136 PS),260 Nm,,,,,,,,,,,
8,Mercedes EQE SUV AMG 43 4MATIC,Mercedes,,4.3 sec,210 km/h,435 km,,,AWD,,Lithium-ion,360,400 V,,NCM811,90s4p,328 V,435 km,208 Wh/km,0 g/km,2.3 l/100km,423 km,256 Wh/km,214 Wh/km,2.9 l/100km,2.4 l/100km,213 Wh/km,288 Wh/km,245 Wh/km,147 Wh/km,227 Wh/km,185 Wh/km,100.0 kWh,,350 kW (476 PS),858 Nm,,,,,,,90.6 kWh,,,,
9,Toyota Proace City Verso Electric L2 50 kWh,Toyota,,11.2 sec,135 km/h,205 km,,,Front,50.0 kWh,Lithium-ion,216,400 V,,No Data,108s2p,400 V,205 km,226 Wh/km,0 g/km,2.5 l/100km,269 km,211 Wh/km,172 Wh/km,2.4 l/100km,1.9 l/100km,210 Wh/km,319 Wh/km,257 Wh/km,149 Wh/km,257 Wh/km,197 Wh/km,,,100 kW (136 PS),260 Nm,,,,,,,46.3 kWh,,,,
10,Citroen e-Jumpy Combi M 75 kWh,Citroen,,13.3 sec,130 km/h,265 km,,,Front,,Lithium-ion,324,400 V,68.0 kWh,No Data,108s3p,400 V,265 km,257 Wh/km,0 g/km,2.9 l/100km,317 km,266 Wh/km,215 Wh/km,3.0 l/100km,2.4 l/100km,239 Wh/km,368 Wh/km,296 Wh/km,172 Wh/km,296 Wh/km,231 Wh/km,75.0 kWh,,100 kW (136 PS),260 Nm,,,,,,,,,,,
11,Toyota PROACE Verso L 75 kWh,Toyota,,13.1 sec,130 km/h,260 km,,,Front,,Lithium-ion,324,400 V,68.0 kWh,No Data,108s3p,400 V,260 km,262 Wh/km,0 g/km,2.9 l/100km,314 km,280 Wh/km,217 Wh/km,3.1 l/100km,2.4 l/100km,243 Wh/km,368 Wh/km,302 Wh/km,174 Wh/km,302 Wh/km,234 Wh/km,75.0 kWh,,100 kW (136 PS),260 Nm,,,,,,,,,,,
12,Kia e-Soul 39.2 kWh,Kia,"32,845",9.9 sec,157 km/h,,,,Front,,Lithium-ion,180,400 V,,No Data,90s2p,327 V,,,0 g/km,,276 km,156 Wh/km,142 Wh/km,1.8 l/100km,1.6 l/100km,,,,,,,42.0 kWh,230 km,100 kW (136 PS),395 Nm,170 Wh/km,245 Wh/km,201 Wh/km,112 Wh/km,187 Wh/km,148 Wh/km,39.2 kWh,,,,
13,Porsche Taycan GTS Sport Turismo,Porsche,"107,000",3.7 sec,250 km/h,425 km,,,AWD,93.4 kWh,Lithium-ion,396,800 V,,NCM712,198s2p,725 V,425 km,197 Wh/km,0 g/km,2.2 l/100km,424 km,241 Wh/km,197 Wh/km,2.7 l/100km,2.2 l/100km,204 Wh/km,270 Wh/km,233 Wh/km,140 Wh/km,209 Wh/km,173 Wh/km,,,440 kW (598 PS),850 Nm,,,,,,,83.7 kWh,,,,
14,Porsche Taycan 4S Cross Turismo,Porsche,"91,000",4.1 sec,240 km/h,420 km,,,AWD,93.4 kWh,Lithium-ion,396,800 V,,NCM712,198s2p,725 V,420 km,199 Wh/km,0 g/km,2.2 l/100km,388 km,264 Wh/km,216 Wh/km,3.0 l/100km,2.4 l/100km,204 Wh/km,274 Wh/km,236 Wh/km,140 Wh/km,215 Wh/km,174 Wh/km,,,420 kW (571 PS),650 Nm,,,,,,,83.7 kWh,,,,
15,Audi Q4 Sportback e-tron 45 quattro,Audi,,6.9 sec,180 km/h,400 km,,,AWD,82.0 kWh,Lithium-ion,288,400 V,,No Data,96s3p,No Data,400 km,192 Wh/km,0 g/km,2.2 l/100km,418 km,210 Wh/km,183 Wh/km,2.4 l/100km,2.1 l/100km,194 Wh/km,264 Wh/km,225 Wh/km,132 Wh/km,207 Wh/km,167 Wh/km,,,195 kW (265 PS),425 Nm,,,,,,,76.6 kWh,,,,
16,Peugeot e-Rifter Standard 50 kWh,Peugeot,"32,300",11.7 sec,135 km/h,205 km,,,Front,50.0 kWh,Lithium-ion,216,400 V,,No Data,108s2p,400 V,205 km,226 Wh/km,0 g/km,2.5 l/100km,269 km,207 Wh/km,172 Wh/km,2.3 l/100km,1.9 l/100km,215 Wh/km,331 Wh/km,265 Wh/km,149 Wh/km,257 Wh/km,201 Wh/km,,,100 kW (136 PS),260 Nm,,,,,,,46.3 kWh,,,,
17,NIO EL7 75 kWh,NIO,,3.9 sec,200 km/h,340 km,,,AWD,75.0 kWh,Lithium-ion,118,400 V,,LFP & NCM,118s1p,No Data,340 km,207 Wh/km,0 g/km,2.3 l/100km,372 km,231 Wh/km,190 Wh/km,2.6 l/100km,2.1 l/100km,207 Wh/km,288 Wh/km,243 Wh/km,144 Wh/km,227 Wh/km,183 Wh/km,,,480 kW (653 PS),850 Nm,,,,,,,70.5 kWh,,,,
18,Mercedes EQV 300 Extra-Long,Mercedes,,,160 km/h,,,,Front,100.0 kWh,Lithium-ion,288,400 V,,No Data,96s3p,352 V,,,0 g/km,,362 km,280 Wh/km,249 Wh/km,3.1 l/100km,2.8 l/100km,,,,,,,,310 km,150 kW (204 PS),362 Nm,273 Wh/km,409 Wh/km,333 Wh/km,200 Wh/km,333 Wh/km,265 Wh/km,90.0 kWh,,,12.1 sec,
19,Porsche Taycan Turbo S Sport Turismo,Porsche,"143,400",2.8 sec,260 km/h,395 km,,,AWD,93.4 kWh,Lithium-ion,396,800 V,,NCM712,198s2p,725 V,395 km,212 Wh/km,0 g/km,2.4 l/100km,430 km,240 Wh/km,195 Wh/km,2.7 l/100km,2.2 l/100km,217 Wh/km,289 Wh/km,250 Wh/km,151 Wh/km,229 Wh/km,188 Wh/km,,,560 kW (761 PS),1050 Nm,,,,,,,83.7 kWh,,,,
20,Opel Zafira-e Life M 50 kWh,Opel,"50,630",12.1 sec,130 km/h,185 km,,,Front,50.0 kWh,Lithium-ion,216,400 V,,No Data,108s2p,400 V,185 km,250 Wh/km,0 g/km,2.8 l/100km,230 km,No Data,201 Wh/km,No Data,2.3 l/100km,232 Wh/km,356 Wh/km,289 Wh/km,168 Wh/km,289 Wh/km,226 Wh/km,,,100 kW (136 PS),260 Nm,,,,,,,46.3 kWh,,,,
21,Opel Zafira-e Life L 75 kWh,Opel,,13.3 sec,130 km/h,260 km,,,Front,,Lithium-ion,324,400 V,68.0 kWh,No Data,108s3p,400 V,260 km,262 Wh/km,0 g/km,2.9 l/100km,330 km,No Data,206 Wh/km,No Data,2.3 l/100km,243 Wh/km,368 Wh/km,302 Wh/km,174 Wh/km,302 Wh/km,234 Wh/km,75.0 kWh,,100 kW (136 PS),260 Nm,,,,,,,,,,,
22,Fiat 500e 3+1 24 kWh,Fiat,,9.0 sec,135 km/h,135 km,,,Front,23.8 kWh,Lithium-ion,108,400 V,,No Data,108s1p,400 V,135 km,158 Wh/km,0 g/km,1.8 l/100km,190 km,130 Wh/km,112 Wh/km,1.5 l/100km,1.3 l/100km,158 Wh/km,224 Wh/km,185 Wh/km,104 Wh/km,170 Wh/km,137 Wh/km,,,70 kW (95 PS),220 Nm,,,,,,,21.3 kWh,,,,
23,Mercedes EQE 350,Mercedes,,6.4 sec,210 km/h,510 km,,,Rear,,Lithium-ion,No Data,400 V,,No Data,No Data,No Data,510 km,175 Wh/km,0 g/km,2.0 l/100km,532 km,195 Wh/km,167 Wh/km,2.2 l/100km,1.9 l/100km,184 Wh/km,241 Wh/km,207 Wh/km,124 Wh/km,184 Wh/km,152 Wh/km,98.0 kWh,,215 kW (292 PS),565 Nm,,,,,,,89.0 kWh,,,,
24,Opel Combo-e Life 50 kWh,Opel,"34,035",11.7 sec,135 km/h,205 km,,,Front,50.0 kWh,Lithium-ion,216,400 V,,No Data,108s2p,400 V,205 km,226 Wh/km,0 g/km,2.5 l/100km,249 km,194 Wh/km,186 Wh/km,2.2 l/100km,2.1 l/100km,210 Wh/km,319 Wh/km,257 Wh/km,147 Wh/km,257 Wh/km,197 Wh/km,,,100 kW (136 PS),260 Nm,,,,,,,46.3 kWh,,,,
25,Porsche Taycan Plus Sport Turismo,Porsche,"80,549",5.4 sec,230 km/h,445 km,,,Rear,93.4 kWh,Lithium-ion,396,800 V,,NCM712,198s2p,725 V,445 km,188 Wh/km,0 g/km,2.1 l/100km,417 km,246 Wh/km,201 Wh/km,2.8 l/100km,2.3 l/100km,195 Wh/km,262 Wh/km,223 Wh/km,132 Wh/km,202 Wh/km,166 Wh/km,,,350 kW (476 PS),357 Nm,,,,,,,83.7 kWh,,,,
26,Genesis GV60 Sport Plus,Genesis,"67,505",4.0 sec,235 km/h,365 km,,,AWD,77.4 kWh,Lithium-ion,384,800 V,74.0 kWh,No Data,192s2p,697 V,365 km,203 Wh/km,0 g/km,2.3 l/100km,465 km,191 Wh/km,159 Wh/km,2.1 l/100km,1.8 l/100km,200 Wh/km,279 Wh/km,235 Wh/km,138 Wh/km,221 Wh/km,178 Wh/km,,,360 kW (489 PS),700 Nm,,,,,,,,,,,
27,Porsche Taycan Sport Turismo,Porsche,"76,500",5.4 sec,230 km/h,380 km,,,Rear,79.2 kWh,Lithium-ion,336,800 V,,NCM712,168s2p,615 V,380 km,187 Wh/km,0 g/km,2.1 l/100km,358 km,242 Wh/km,198 Wh/km,2.7 l/100km,2.2 l/100km,192 Wh/km,258 Wh/km,218 Wh/km,130 Wh/km,200 Wh/km,163 Wh/km,,,300 kW (408 PS),345 Nm,,,,,,,71.0 kWh,,,,
28,Citroen e-SpaceTourer M 75 kWh,Citroen,,13.3 sec,130 km/h,265 km,,,Front,,Lithium-ion,324,400 V,68.0 kWh,No Data,108s3p,400 V,265 km,257 Wh/km,0 g/km,2.9 l/100km,330 km,295 Wh/km,206 Wh/km,3.3 l/100km,2.3 l/100km,239 Wh/km,368 Wh/km,296 Wh/km,172 Wh/km,296 Wh/km,231 Wh/km,75.0 kWh,,100 kW (136 PS),260 Nm,,,,,,,,,,,
29,Peugeot e-Traveller Long 75 kWh,Peugeot,,14.3 sec,130 km/h,260 km,,,Front,,Lithium-ion,324,400 V,68.0 kWh,No Data,108s3p,400 V,260 km,262 Wh/km,0 g/km,2.9 l/100km,303 km,279 Wh/km,224 Wh/km,3.1 l/100km,2.5 l/100km,243 Wh/km,368 Wh/km,302 Wh/km,174 Wh/km,302 Wh/km,234 Wh/km,75.0 kWh,,100 kW (136 PS),260 Nm,,,,,,,,,,,
30,Mercedes eVito Tourer Extra-Long 90 kWh,Mercedes,"75,846",,160 km/h,305 km,,,Front,100.0 kWh,Lithium-ion,288,400 V,,No Data,96s3p,352 V,305 km,295 Wh/km,0 g/km,3.3 l/100km,332 km,288 Wh/km,271 Wh/km,3.2 l/100km,3.0 l/100km,273 Wh/km,419 Wh/km,340 Wh/km,200 Wh/km,340 Wh/km,269 Wh/km,,,150 kW (204 PS),366 Nm,,,,,,,90.0 kWh,,,12.0 sec,
31,Mercedes EQE 500 4MATIC,Mercedes,,4.7 sec,210 km/h,500 km,,,AWD,,Lithium-ion,360,400 V,,NCM811,90s4p,328 V,500 km,181 Wh/km,0 g/km,2.0 l/100km,537 km,195 Wh/km,169 Wh/km,2.2 l/100km,1.9 l/100km,191 Wh/km,248 Wh/km,216 Wh/km,129 Wh/km,193 Wh/km,159 Wh/km,100.0 kWh,,300 kW (408 PS),858 Nm,,,,,,,90.6 kWh,,,,
32,Peugeot e-Expert Combi Long 75 kWh,Peugeot,,14.3 sec,130 km/h,260 km,,,Front,,Lithium-ion,324,400 V,68.0 kWh,No Data,108s3p,400 V,260 km,262 Wh/km,0 g/km,2.9 l/100km,313 km,270 Wh/km,217 Wh/km,3.0 l/100km,2.4 l/100km,243 Wh/km,368 Wh/km,302 Wh/km,174 Wh/km,302 Wh/km,234 Wh/km,75.0 kWh,,100 kW (136 PS),260 Nm,,,,,,,,,,,
33,Porsche Taycan Turbo S Cross Turismo,Porsche,"143,400",2.9 sec,250 km/h,380 km,,,AWD,93.4 kWh,Lithium-ion,396,800 V,,NCM712,198s2p,725 V,380 km,220 Wh/km,0 g/km,2.5 l/100km,388 km,264 Wh/km,216 Wh/km,3.0 l/100km,2.4 l/100km,223 Wh/km,304 Wh/km,258 Wh/km,156 Wh/km,239 Wh/km,195 Wh/km,,,560 kW (761 PS),1050 Nm,,,,,,,83.7 kWh,,,,
34,Fiat E-Ulysse L3 75 kWh,Fiat,,13.3 sec,130 km/h,260 km,,,Front,,Lithium-ion,324,400 V,68.0 kWh,No Data,108s3p,400 V,260 km,262 Wh/km,0 g/km,2.9 l/100km,330 km,257 Wh/km,206 Wh/km,2.9 l/100km,2.3 l/100km,243 Wh/km,368 Wh/km,302 Wh/km,174 Wh/km,302 Wh/km,234 Wh/km,75.0 kWh,,100 kW (136 PS),260 Nm,,,,,,,,,,,
35,Mercedes EQE AMG 43 4MATIC,Mercedes,,4.2 sec,210 km/h,485 km,,,AWD,,Lithium-ion,360,400 V,,NCM811,90s4p,328 V,485 km,187 Wh/km,0 g/km,2.1 l/100km,438 km,237 Wh/km,207 Wh/km,2.7 l/100km,2.3 l/100km,195 Wh/km,255 Wh/km,221 Wh/km,132 Wh/km,199 Wh/km,163 Wh/km,100.0 kWh,,350 kW (476 PS),858 Nm,,,,,,,90.6 kWh,,,,
36,VinFast VF 8 Eco Standard Range,VinFast,,5.9 sec,200 km/h,405 km,,,AWD,,Lithium-ion,No Data,400 V,,No Data,No Data,No Data,405 km,202 Wh/km,0 g/km,2.3 l/100km,420 km,No Data,195 Wh/km,No Data,2.2 l/100km,200 Wh/km,283 Wh/km,238 Wh/km,138 Wh/km,225 Wh/km,178 Wh/km,84.0 kWh,,260 kW (354 PS),500 Nm,,,,,,,82.0 kWh,,,,
37,Citroen e-SpaceTourer M 50 kWh,Citroen,"47,495",12.1 sec,130 km/h,185 km,,,Front,50.0 kWh,Lithium-ion,216,400 V,,No Data,108s2p,400 V,185 km,250 Wh/km,0 g/km,2.8 l/100km,221 km,252 Wh/km,210 Wh/km,2.8 l/100km,2.4 l/100km,232 Wh/km,356 Wh/km,289 Wh/km,168 Wh/km,289 Wh/km,226 Wh/km,,,100 kW (136 PS),260 Nm,,,,,,,46.3 kWh,,,,
38,Peugeot e-Traveller Standard 50 kWh,Peugeot,"49,100",13.1 sec,130 km/h,185 km,,,Front,50.0 kWh,Lithium-ion,216,400 V,,No Data,108s2p,400 V,185 km,250 Wh/km,0 g/km,2.8 l/100km,213 km,261 Wh/km,217 Wh/km,2.9 l/100km,2.4 l/100km,232 Wh/km,356 Wh/km,289 Wh/km,168 Wh/km,289 Wh/km,226 Wh/km,,,100 kW (136 PS),260 Nm,,,,,,,46.3 kWh,,,,
39,Citroen e-Berlingo XL 50 kWh,Citroen,"32,495",11.7 sec,135 km/h,200 km,,,Front,50.0 kWh,Lithium-ion,216,400 V,,No Data,108s2p,400 V,200 km,232 Wh/km,0 g/km,2.6 l/100km,277 km,No Data,167 Wh/km,No Data,1.9 l/100km,215 Wh/km,331 Wh/km,265 Wh/km,152 Wh/km,265 Wh/km,201 Wh/km,,,100 kW (136 PS),260 Nm,,,,,,,46.3 kWh,,,,
0,Mercedes EQE 350 4MATIC,Mercedes,,6.3 sec,210 km/h,485 km,,,AWD,,Lithium-ion,No Data,400 V,,No Data,No Data,No Data,485 km,184 Wh/km,0 g/km,2.1 l/100km,530 km,197 Wh/km,168 Wh/km,2.2 l/100km,1.9 l/100km,191 Wh/km,251 Wh/km,217 Wh/km,130 Wh/km,193 Wh/km,160 Wh/km,98.0 kWh,,215 kW (292 PS),765 Nm,,,,,,,89.0 kWh,,,,
1,Abarth 500e Hatchback,Abarth,"34,195",7.0 sec,155 km/h,225 km,,,Front,42.2 kWh,Lithium-ion,192,400 V,,No Data,96s2p,355 V,225 km,168 Wh/km,0 g/km,1.9 l/100km,253 km,181 Wh/km,149 Wh/km,2.0 l/100km,1.7 l/100km,168 Wh/km,236 Wh/km,199 Wh/km,110 Wh/km,184 Wh/km,145 Wh/km,,,114 kW (155 PS),235 Nm,,,,,,,37.8 kWh,,,,
2,Fiat 500e Cabrio 24 kWh,Fiat,,9.0 sec,135 km/h,135 km,,,Front,23.8 kWh,Lithium-ion,108,400 V,,No Data,108s1p,400 V,135 km,158 Wh/km,0 g/km,1.8 l/100km,190 km,130 Wh/km,112 Wh/km,1.5 l/100km,1.3 l/100km,164 Wh/km,224 Wh/km,194 Wh/km,104 Wh/km,178 Wh/km,137 Wh/km,,,70 kW (95 PS),220 Nm,,,,,,,21.3 kWh,,,,
3,Opel Combo-e Life XL 50 kWh,Opel,"34,635",11.7 sec,135 km/h,200 km,,,Front,50.0 kWh,Lithium-ion,216,400 V,,No Data,108s2p,400 V,200 km,232 Wh/km,0 g/km,2.6 l/100km,249 km,194 Wh/km,186 Wh/km,2.2 l/100km,2.1 l/100km,220 Wh/km,331 Wh/km,272 Wh/km,154 Wh/km,265 Wh/km,206 Wh/km,,,100 kW (136 PS),260 Nm,,,,,,,46.3 kWh,,,,
4,Porsche Taycan 4S Sport Turismo,Porsche,"87,500",4.0 sec,250 km/h,370 km,,,AWD,79.2 kWh,Lithium-ion,336,800 V,,NCM712,168s2p,615 V,370 km,192 Wh/km,0 g/km,2.2 l/100km,358 km,246 Wh/km,198 Wh/km,2.8 l/100km,2.2 l/100km,197 Wh/km,263 Wh/km,225 Wh/km,135 Wh/km,206 Wh/km,167 Wh/km,,,390 kW (530 PS),640 Nm,,,,,,,71.0 kWh,,,,
5,VinFast VF 8 Eco Extended Range,VinFast,,5.9 sec,200 km/h,425 km,,,AWD,,Lithium-ion,No Data,400 V,,No Data,No Data,No Data,425 km,206 Wh/km,0 g/km,2.3 l/100km,471 km,No Data,186 Wh/km,No Data,2.1 l/100km,204 Wh/km,288 Wh/km,240 Wh/km,141 Wh/km,228 Wh/km,181 Wh/km,90.0 kWh,,260 kW (354 PS),500 Nm,,,,,,,87.7 kWh,,,,
6,VinFast VF 8 Plus Extended Range,VinFast,,5.5 sec,200 km/h,425 km,,,AWD,,Lithium-ion,No Data,400 V,,No Data,No Data,No Data,425 km,206 Wh/km,0 g/km,2.3 l/100km,447 km,No Data,196 Wh/km,No Data,2.2 l/100km,206 Wh/km,292 Wh/km,244 Wh/km,143 Wh/km,231 Wh/km,183 Wh/km,90.0 kWh,,300 kW (408 PS),620 Nm,,,,,,,87.7 kWh,,,,
7,Peugeot e-Expert Combi Standard 50 kWh,Peugeot,,13.1 sec,130 km/h,185 km,,,Front,50.0 kWh,Lithium-ion,216,400 V,,No Data,108s2p,400 V,185 km,250 Wh/km,0 g/km,2.8 l/100km,219 km,254 Wh/km,211 Wh/km,2.9 l/100km,2.4 l/100km,232 Wh/km,356 Wh/km,289 Wh/km,168 Wh/km,289 Wh/km,226 Wh/km,,,100 kW (136 PS),260 Nm,,,,,,,46.3 kWh,,,,
8,Mercedes EQV 250 Long,Mercedes,,,160 km/h,,,,Front,66.0 kWh,Lithium-ion,192,400 V,,No Data,96s2p,352 V,,,0 g/km,,213 km,No Data,282 Wh/km,No Data,3.2 l/100km,,,,,,,,210 km,150 kW (204 PS),362 Nm,267 Wh/km,400 Wh/km,333 Wh/km,194 Wh/km,333 Wh/km,255 Wh/km,60.0 kWh,,,12.0 sec,
9,Abarth 500e Convertible,Abarth,"37,195",7.0 sec,155 km/h,225 km,,,Front,42.2 kWh,Lithium-ion,192,400 V,,No Data,96s2p,355 V,225 km,168 Wh/km,0 g/km,1.9 l/100km,242 km,188 Wh/km,156 Wh/km,2.1 l/100km,1.8 l/100km,168 Wh/km,236 Wh/km,199 Wh/km,110 Wh/km,184 Wh/km,145 Wh/km,,,114 kW (155 PS),235 Nm,,,,,,,37.8 kWh,,,,
10,Mercedes eVito Tourer Long 60 kWh,Mercedes,,,160 km/h,210 km,,,Front,66.0 kWh,Lithium-ion,192,400 V,,No Data,96s2p,352 V,210 km,286 Wh/km,0 g/km,3.2 l/100km,217 km,No Data,276 Wh/km,No Data,3.1 l/100km,267 Wh/km,414 Wh/km,333 Wh/km,194 Wh/km,333 Wh/km,261 Wh/km,,,150 kW (204 PS),366 Nm,,,,,,,60.0 kWh,,,12.0 sec,
11,Opel Zafira-e Life L 50 kWh,Opel,"50,990",12.1 sec,130 km/h,180 km,,,Front,50.0 kWh,Lithium-ion,216,400 V,,No Data,108s2p,400 V,180 km,257 Wh/km,0 g/km,2.9 l/100km,230 km,No Data,201 Wh/km,No Data,2.3 l/100km,237 Wh/km,370 Wh/km,289 Wh/km,168 Wh/km,299 Wh/km,226 Wh/km,,,100 kW (136 PS),260 Nm,,,,,,,46.3 kWh,,,,
12,Porsche Taycan 4S Plus Sport Turismo,Porsche,"91,406",4.0 sec,250 km/h,430 km,,,AWD,93.4 kWh,Lithium-ion,396,800 V,,NCM712,198s2p,725 V,430 km,195 Wh/km,0 g/km,2.2 l/100km,417 km,247 Wh/km,201 Wh/km,2.8 l/100km,2.3 l/100km,202 Wh/km,266 Wh/km,229 Wh/km,137 Wh/km,209 Wh/km,171 Wh/km,,,420 kW (571 PS),650 Nm,,,,,,,83.7 kWh,,,,
13,Porsche Taycan Turbo Cross Turismo,Porsche,"120,900",3.3 sec,250 km/h,395 km,,,AWD,93.4 kWh,Lithium-ion,396,800 V,,NCM712,198s2p,725 V,395 km,212 Wh/km,0 g/km,2.4 l/100km,395 km,259 Wh/km,212 Wh/km,2.9 l/100km,2.4 l/100km,217 Wh/km,294 Wh/km,250 Wh/km,151 Wh/km,229 Wh/km,188 Wh/km,,,500 kW (680 PS),850 Nm,,,,,,,83.7 kWh,,,,
14,Porsche Taycan Turbo Sport Turismo,Porsche,"120,900",3.2 sec,260 km/h,405 km,,,AWD,93.4 kWh,Lithium-ion,396,800 V,,NCM712,198s2p,725 V,405 km,207 Wh/km,0 g/km,2.3 l/100km,424 km,242 Wh/km,197 Wh/km,2.7 l/100km,2.2 l/100km,212 Wh/km,284 Wh/km,243 Wh/km,148 Wh/km,223 Wh/km,182 Wh/km,,,500 kW (680 PS),850 Nm,,,,,,,83.7 kWh,,,,
15,Citroen e-Jumpy Combi M 50 kWh,Citroen,"35,795",12.1 sec,130 km/h,185 km,,,Front,50.0 kWh,Lithium-ion,216,400 V,,No Data,108s2p,400 V,185 km,250 Wh/km,0 g/km,2.8 l/100km,221 km,251 Wh/km,210 Wh/km,2.8 l/100km,2.4 l/100km,232 Wh/km,356 Wh/km,289 Wh/km,168 Wh/km,289 Wh/km,226 Wh/km,,,100 kW (136 PS),260 Nm,,,,,,,46.3 kWh,,,,
16,Toyota PROACE Shuttle L 75 kWh,Toyota,,13.1 sec,130 km/h,260 km,,,Front,,Lithium-ion,324,400 V,68.0 kWh,No Data,108s3p,400 V,260 km,262 Wh/km,0 g/km,2.9 l/100km,330 km,245 Wh/km,206 Wh/km,2.8 l/100km,2.3 l/100km,243 Wh/km,368 Wh/km,302 Wh/km,174 Wh/km,302 Wh/km,234 Wh/km,75.0 kWh,,100 kW (136 PS),260 Nm,,,,,,,,,,,
17,Opel Vivaro-e Combi L 50 kWh,Opel,"37,520",12.1 sec,130 km/h,180 km,,,Front,50.0 kWh,Lithium-ion,216,400 V,,No Data,108s2p,400 V,180 km,257 Wh/km,0 g/km,2.9 l/100km,230 km,No Data,201 Wh/km,No Data,2.3 l/100km,237 Wh/km,370 Wh/km,289 Wh/km,168 Wh/km,299 Wh/km,226 Wh/km,,,100 kW (136 PS),260 Nm,,,,,,,46.3 kWh,,,,
18,Opel Vivaro-e Combi M 50 kWh,Opel,"37,320",12.1 sec,130 km/h,185 km,,,Front,50.0 kWh,Lithium-ion,216,400 V,,No Data,108s2p,400 V,185 km,250 Wh/km,0 g/km,2.8 l/100km,230 km,No Data,201 Wh/km,No Data,2.3 l/100km,232 Wh/km,356 Wh/km,289 Wh/km,168 Wh/km,289 Wh/km,226 Wh/km,,,100 kW (136 PS),260 Nm,,,,,,,46.3 kWh,,,,
19,Opel Zafira-e Life M 75 kWh,Opel,,13.3 sec,130 km/h,265 km,,,Front,,Lithium-ion,324,400 V,68.0 kWh,No Data,108s3p,400 V,265 km,257 Wh/km,0 g/km,2.9 l/100km,330 km,No Data,206 Wh/km,No Data,2.3 l/100km,239 Wh/km,368 Wh/km,296 Wh/km,172 Wh/km,296 Wh/km,231 Wh/km,75.0 kWh,,100 kW (136 PS),260 Nm,,,,,,,,,,,
20,Citroen e-Jumpy Combi XL 75 kWh,Citroen,,13.3 sec,130 km/h,260 km,,,Front,,Lithium-ion,324,400 V,68.0 kWh,No Data,108s3p,400 V,260 km,262 Wh/km,0 g/km,2.9 l/100km,315 km,268 Wh/km,216 Wh/km,3.0 l/100km,2.4 l/100km,243 Wh/km,368 Wh/km,302 Wh/km,174 Wh/km,302 Wh/km,234 Wh/km,75.0 kWh,,100 kW (136 PS),260 Nm,,,,,,,,,,,
21,Toyota PROACE Shuttle L 50 kWh,Toyota,,12.1 sec,130 km/h,180 km,,,Front,50.0 kWh,Lithium-ion,216,400 V,,No Data,108s2p,400 V,180 km,257 Wh/km,0 g/km,2.9 l/100km,230 km,236 Wh/km,201 Wh/km,2.7 l/100km,2.3 l/100km,237 Wh/km,370 Wh/km,289 Wh/km,168 Wh/km,299 Wh/km,226 Wh/km,,,100 kW (136 PS),260 Nm,,,,,,,46.3 kWh,,,,
22,Peugeot e-Traveller Standard 75 kWh,Peugeot,,14.3 sec,130 km/h,265 km,,,Front,,Lithium-ion,324,400 V,68.0 kWh,No Data,108s3p,400 V,265 km,257 Wh/km,0 g/km,2.9 l/100km,304 km,278 Wh/km,224 Wh/km,3.1 l/100km,2.5 l/100km,239 Wh/km,368 Wh/km,296 Wh/km,172 Wh/km,296 Wh/km,231 Wh/km,75.0 kWh,,100 kW (136 PS),260 Nm,,,,,,,,,,,
23,Fiat E-Ulysse L2 75 kWh,Fiat,,13.3 sec,130 km/h,265 km,,,Front,,Lithium-ion,324,400 V,68.0 kWh,No Data,108s3p,400 V,265 km,257 Wh/km,0 g/km,2.9 l/100km,330 km,257 Wh/km,206 Wh/km,2.9 l/100km,2.3 l/100km,239 Wh/km,368 Wh/km,296 Wh/km,172 Wh/km,296 Wh/km,231 Wh/km,75.0 kWh,,100 kW (136 PS),260 Nm,,,,,,,,,,,
24,Opel Vivaro-e Combi L 75 kWh,Opel,,13.3 sec,130 km/h,260 km,,,Front,,Lithium-ion,324,400 V,68.0 kWh,No Data,108s3p,400 V,260 km,262 Wh/km,0 g/km,2.9 l/100km,330 km,No Data,206 Wh/km,No Data,2.3 l/100km,243 Wh/km,368 Wh/km,302 Wh/km,174 Wh/km,302 Wh/km,234 Wh/km,75.0 kWh,,100 kW (136 PS),260 Nm,,,,,,,,,,,
25,Mercedes eVito Tourer Extra-Long 60 kWh,Mercedes,,,160 km/h,205 km,,,Front,66.0 kWh,Lithium-ion,192,400 V,,No Data,96s2p,352 V,205 km,293 Wh/km,0 g/km,3.3 l/100km,217 km,No Data,276 Wh/km,No Data,3.1 l/100km,267 Wh/km,414 Wh/km,333 Wh/km,197 Wh/km,333 Wh/km,261 Wh/km,,,150 kW (204 PS),366 Nm,,,,,,,60.0 kWh,,,12.0 sec,
26,Citroen e-Jumpy Combi XL 50 kWh,Citroen,"35,995",12.1 sec,130 km/h,180 km,,,Front,50.0 kWh,Lithium-ion,216,400 V,,No Data,108s2p,400 V,180 km,257 Wh/km,0 g/km,2.9 l/100km,220 km,252 Wh/km,210 Wh/km,2.8 l/100km,2.4 l/100km,237 Wh/km,370 Wh/km,289 Wh/km,168 Wh/km,299 Wh/km,226 Wh/km,,,100 kW (136 PS),260 Nm,,,,,,,46.3 kWh,,,,
27,Citroen e-SpaceTourer XL 75 kWh,Citroen,,13.3 sec,130 km/h,260 km,,,Front,,Lithium-ion,324,400 V,68.0 kWh,No Data,108s3p,400 V,260 km,262 Wh/km,0 g/km,2.9 l/100km,330 km,295 Wh/km,206 Wh/km,3.3 l/100km,2.3 l/100km,243 Wh/km,368 Wh/km,302 Wh/km,174 Wh/km,302 Wh/km,234 Wh/km,75.0 kWh,,100 kW (136 PS),260 Nm,,,,,,,,,,,
28,Citroen e-SpaceTourer XL 50 kWh,Citroen,"48,335",12.1 sec,130 km/h,180 km,,,Front,50.0 kWh,Lithium-ion,216,400 V,,No Data,108s2p,400 V,180 km,257 Wh/km,0 g/km,2.9 l/100km,220 km,254 Wh/km,210 Wh/km,2.9 l/100km,2.4 l/100km,237 Wh/km,370 Wh/km,289 Wh/km,168 Wh/km,299 Wh/km,226 Wh/km,,,100 kW (136 PS),260 Nm,,,,,,,46.3 kWh,,,,
29,Fiat E-Ulysse L3 50 kWh,Fiat,,12.1 sec,130 km/h,180 km,,,Front,50.0 kWh,Lithium-ion,216,400 V,,No Data,108s2p,400 V,180 km,257 Wh/km,0 g/km,2.9 l/100km,230 km,No Data,201 Wh/km,No Data,2.3 l/100km,237 Wh/km,370 Wh/km,289 Wh/km,168 Wh/km,299 Wh/km,226 Wh/km,,,100 kW (136 PS),260 Nm,,,,,,,46.3 kWh,,,,
30,Toyota PROACE Shuttle M 75 kWh,Toyota,,13.1 sec,130 km/h,265 km,,,Front,,Lithium-ion,324,400 V,68.0 kWh,No Data,108s3p,400 V,265 km,257 Wh/km,0 g/km,2.9 l/100km,330 km,244 Wh/km,206 Wh/km,2.7 l/100km,2.3 l/100km,239 Wh/km,368 Wh/km,296 Wh/km,172 Wh/km,296 Wh/km,231 Wh/km,75.0 kWh,,100 kW (136 PS),260 Nm,,,,,,,,,,,
31,Fiat E-Ulysse L2 50 kWh,Fiat,,12.1 sec,130 km/h,185 km,,,Front,50.0 kWh,Lithium-ion,216,400 V,,No Data,108s2p,400 V,185 km,250 Wh/km,0 g/km,2.8 l/100km,230 km,No Data,201 Wh/km,No Data,2.3 l/100km,232 Wh/km,356 Wh/km,289 Wh/km,168 Wh/km,289 Wh/km,226 Wh/km,,,100 kW (136 PS),260 Nm,,,,,,,46.3 kWh,,,,
32,Mercedes EQV 250 Extra-Long,Mercedes,,,160 km/h,,,,Front,66.0 kWh,Lithium-ion,192,400 V,,No Data,96s2p,352 V,,,0 g/km,,213 km,No Data,282 Wh/km,No Data,3.2 l/100km,,,,,,,,210 km,150 kW (204 PS),362 Nm,267 Wh/km,400 Wh/km,333 Wh/km,197 Wh/km,333 Wh/km,261 Wh/km,60.0 kWh,,,12.0 sec,
33,Peugeot e-Traveller Long 50 kWh,Peugeot,"54,275",13.1 sec,130 km/h,185 km,,,Front,50.0 kWh,Lithium-ion,216,400 V,,No Data,108s2p,400 V,185 km,250 Wh/km,0 g/km,2.8 l/100km,210 km,265 Wh/km,220 Wh/km,3.0 l/100km,2.5 l/100km,232 Wh/km,356 Wh/km,289 Wh/km,168 Wh/km,289 Wh/km,226 Wh/km,,,100 kW (136 PS),260 Nm,,,,,,,46.3 kWh,,,,
34,Peugeot e-Expert Combi Long 50 kWh,Peugeot,,13.1 sec,130 km/h,185 km,,,Front,50.0 kWh,Lithium-ion,216,400 V,,No Data,108s2p,400 V,185 km,250 Wh/km,0 g/km,2.8 l/100km,219 km,256 Wh/km,211 Wh/km,2.9 l/100km,2.4 l/100km,232 Wh/km,356 Wh/km,289 Wh/km,168 Wh/km,289 Wh/km,226 Wh/km,,,100 kW (136 PS),260 Nm,,,,,,,46.3 kWh,,,,
